Org Name,Budget,Org Code,Org Type,Function,Contact Name,Address 1,Address 2,Town,State,Zip,Phone,Fax,GradeAbby Kelley Foster Charter Public (District),,4450000,Charter District,Charter School Leader,Kathleen Greenwood,10 New Bond Street,,Worcester,MA,1606,508-854-8400,508-854-8484,"K,01,02,03,04,05,06,07,08,09,10,11,12"Abington,,10000,Public School District,Superintendent,Peter Schafer,171 Adams St,,Abington,MA,2351,781-982-2150,781-982-2157,"PK,K,01,02,03,04,05,06,07,08,09,10,11,12"Academy Of the Pacific Rim Charter Public (District),,4120000,Charter District,Charter School Leader,Susan Thompson,1 Westinghouse Plaza,,Hyde Park,MA,2136,617-361-0050,617-361-0045,"05,06,07,08,09,10,11,12"Acton,,20000,Public School District,Superintendent,Stephen Mills,16 Charter Road,,Acton,MA,1720,978-264-4700,978-264-3340,"PK,K,01,02,03,04,05,06"Acton-Boxborough,,6000000,Public School District,Superintendent,Stephen Mills,16 Charter Rd,,Acton,MA,1720,978-264-4700,978-264-3340,"07,08,09,10,11,12"Acushnet,,30000,Public School District,Superintendent,Stephen Donovan,708 Middle Road,Suite 1,Acushnet,MA,2743,508-998-0260,508-998-0262,"PK,K,01,02,03,04,05,06,07,08"Adams (non-op),,40000,Public School District,Superintendent,Alfred Skrocki,125 Savoy Road,,Cheshire,MA,1225,413-743-2939,413-743-4135,NAAdams-Cheshire,,6030000,Public School District,Superintendent,Kristen Gordon,191 Church St,,Cheshire,MA,1225,413-743-2939,413-743-4135,"PK,K,01,02,03,04,05,06,07,08,09,10,11,12"Advanced Math and Science Academy Charter (District),,4300000,Charter District,Charter School Leader,John Brucato,201 Forest Street,,Marlborough,MA,1752,508-597-2400,508-597-2499,"06,07,08,09,10,11,12"Agawam,,50000,Public School District,Superintendent,William Sapelli,1305 Springfield St,Suite 1,Feeding Hills,MA,1030,413-821-0548,413-789-1835,"PK,K,01,02,03,04,05,06,07,08,09,10,11,12"Alford (non-op),,60000,Public School District,Superintendent,David Hastings,PO Box 339,,Sheffield,MA,1257,413-229-8778,413-229-2913,NAAlma del Mar Charter School (District),,4090000,Charter District,Charter School Leader,Will Gardner,26 Madeira Avenue,,New Bedford,MA,2746,508-542-7153,877-719-8773,"K,01,02,03,04"Amesbury,,70000,Public School District,Superintendent,Michele Robinson,5 Highland Street,,Amesbury,MA,1913,978-388-0507,978-388-8315,"PK,K,01,02,03,04,05,06,07,08,09,10,11,12"Amesbury Academy Charter Public (District),,4150000,Charter District,Charter School Leader,Norman Hamond,71 Friend Street,,Amesbury,MA,1913,978-388-8037,978-388-8073,"09,10,11,12"Amherst,,80000,Public School District,Superintendent,Maria Geryk,170 Chestnut Street,,Amherst,MA,1002,413-362-1810,413-549-6108,"PK,K,01,02,03,04,05,06"Amherst-Pelham,,6050000,Public School District,Superintendent,Maria Geryk,170 Chestnut Street,,Amherst,MA,1002,413-362-1810,413-549-6108,"07,08,09,10,11,12"Andover,,90000,Public School District,Superintendent,Marinel McGrath,36 Bartlet Street,,Andover,MA,1810,978-623-8501,978-623-8505,"PK,K,01,02,03,04,05,06,07,08,09,10,11,12"Aquinnah (non-op),,1040000,Public School District,Superintendent,James Weiss,4 Pine Street,,Vineyard Haven,MA,2568,508-693-2007,508-693-3190,NAArlington,,100000,Public School District,Superintendent,Kathleen Bodie,869 Massachusetts Avenue,,Arlington,MA,2476,781-316-3523,781-316-3509,"PK,K,01,02,03,04,05,06,07,08,09,10,11,12"Ashburnham (non-op),,110000,Public School District,Superintendent,Ralph Hicks,11 Oakmont Drive,,Ashburnham,MA,1430,978-827-1434,978-827-5969,NAAshburnham-Westminster,,6100000,Public School District,Superintendent,Ralph Hicks,11 Oakmont Drive,c/o Office of the Superintendent,Ashburnham,MA,1430,978-827-1434,978-827-5969,"PK,K,01,02,03,04,05,06,07,08,09,10,11,12"Ashby (non-op),,120000,Public School District,Superintendent,Maureen Marshall,23 Main Street,,Townsend,MA,1469,978-597-8713,978-597-6534,NAAshfield (non-op),,130000,Public School District,Superintendent,Michael Buoniconti,24 Ashfield Road,,Shelburne Falls,MA,1370,413-625-0192,413-625-0196,NAAshland,,140000,Public School District,Superintendent,Brooke Clenchy,87 West Union Street,,Ashland,MA,1721,508-881-0150,508-881-0161,"PK,K,01,02,03,04,05,06,07,08,09,10,11,12"Assabet Valley Regional Vocational Technical,,8010000,Public School District,Superintendent,Patrick Collins,215 Fitchburg Street,,Marlborough,MA,1752,508-485-9430,508-460-3472,"09,10,11,12"Athol (non-op),,150000,Public School District,Superintendent,Anthony Polito,P.O.Box 968,,Athol,MA,1331,978-249-2400,978-249-2402,NAAthol-Royalston,,6150000,Public School District,Superintendent,Anthony Polito,1062 Pleasant Street,,Athol,MA,1331,978-249-2400,978-249-2402,"PK,K,01,02,03,04,05,06,07,08,09,10,11,12"Atlantis Charter (District),,4910000,Charter District,Charter School Leader,Robert Beatty,37 Park Street Street,,Fall River,MA,2721,508-672-2181,508-672-2474,"K,01,02,03,04,05,06,07,08"Attleboro,,160000,Public School District,Superintendent,Kenneth Sheehan,100 Rathbun Willard Drive,,Attleboro,MA,2703,508-222-0012,508-223-1577,"PK,K,01,02,03,04,05,06,07,08,09,10,11,12"Auburn,,170000,Public School District,Superintendent,Maryellen Brunelle,5 West Street,,Auburn,MA,1501,508-832-7755,508-832-7757,"PK,K,01,02,03,04,05,06,07,08,09,10,11,12"Avon,,180000,Public School District,Superintendent,Paul Zinni,1 Patrick Clark Drive,,Avon,MA,2322,508-588-0230,508-559-1081,"PK,K,01,02,03,04,05,06,07,08,09,10,11,12"Ayer (non-op),,190000,Public School District,Superintendent,Carl Mock,141 Washington Street,,Ayer,MA,1432,978-772-8600,978-772-7444,NAAyer Shirley School District,,6160000,Public School District,Superintendent,Carl Mock,141 Washington Street,,Ayer,MA,1432,978-772-8600,978-772-7444,"PK,K,01,02,03,04,05,06,07,08,09,10,11,12"Barnstable,,200000,Public School District,Superintendent,Mary Czajkowski,P O Box 955,,Hyannis,MA,2601,508-862-4953,508-790-6454,"PK,K,01,02,03,04,05,06,07,08,09,10,11,12"Barnstable Community Horace Mann Charter Public (District),,4270000,Charter District,Charter School Leader,Marilee Cantelmo,165 Bearses Way,,Hyannis,MA,2601,508-790-6485,508-790-6432,"K,01,02,03"Barre (non-op),,210000,Public School District,Superintendent,Maureen Marshall,872 South Street,,Barre,MA,1005,978-355-4668,978-355-6756,NABaystate Academy Charter Public School,,35020000,Charter District,Charter School Leader,Timothy Sneed,334 Franklin Street,,Springfield,MA,1104,413-366-5103,413-366-5101,"06,07"Becket (non-op),,220000,Public School District,Superintendent,William Cameron,PO Box 299,,Dalton,MA,1227,413-684-0320,413-684-1520,NABedford,,230000,Public School District,Superintendent,Jonathan Sills,97 McMahon Road,,Bedford,MA,1730,781-275-7588,781-275-0885,"PK,K,01,02,03,04,05,06,07,08,09,10,11,12"Belchertown,,240000,Public School District,Superintendent,Judith Houle,PO Box 841,,Belchertown,MA,1007,413-323-0456,413-323-0448,"PK,K,01,02,03,04,05,06,07,08,09,10,11,12"Bellingham,,250000,Public School District,Superintendent,Edward Fleury,60 Harpin Street,,Bellingham,MA,2019,508-883-1706,508-883-0180,"PK,K,01,02,03,04,05,06,07,08,09,10,11,12"Belmont,yes,260000,Public School District,Superintendent,Thomas Kingston,644 Pleasant Street,,Belmont,MA,2478,617-993-5401,617-993-5409,"PK,K,01,02,03,04,05,06,07,08,09,10,11,12"Benjamin Banneker Charter Public (District),,4200000,Charter District,Charter School Leader,Sherley Bretous-Carre,21 Notre Dame Avenue,,Cambridge,MA,2140,617-497-7771,617-497-4223,"K,01,02,03,04,05,06"Benjamin Franklin Classical Charter Public (District),,4470000,Charter District,Charter School Leader,Heather Zolnowski,201 Main Street,,Franklin,MA,2038,508-541-3434,508-541-5396,"K,01,02,03,04,05,06,07,08"Berkley,,270000,Public School District,Superintendent,Thomas Lynch,21 North Main Street,,Berkley,MA,2779,508-822-5220,508-823-1772,"PK,K,01,02,03,04,05,06,07,08"Berkshire Arts and Technology Charter Public (District),,4140000,Charter District,Charter School Leader,Julia Bowen,1 Commercial Pl,PO Box 267,Adams,MA,1220,413-743-7311,413-743-7327,"06,07,08,09,10,11,12"Berkshire Hills,,6180000,Public School District,Superintendent,Peter Dillon,50 Main Street,PO Box 617,Stockbridge,MA,1262,413-298-4017,413-298-4017,"PK,K,01,02,03,04,05,06,07,08,09,10,11,12"Berlin,,280000,Public School District,Superintendent,Nadine Ekstrom,215 Main Street,,Boylston,MA,1505,508-869-2837,508-869-0023,"PK,K,01,02,03,04,05"Berlin-Boylston,,6200000,Public School District,Superintendent,Nadine Ekstrom,215 Main Street,,Boylston,MA,1505,508-869-2837,508-869-0023,"06,07,08,09,10,11,12"Bernardston (non-op),,290000,Public School District,Superintendent,Dayle Doiron,97 F Sumner Turner Rd,,Northfield,MA,1360,413-498-2911,413-498-0045,NABeverly,,300000,Public School District,Superintendent,Albert Argenziano,502 Cabot St,,Beverly,MA,1915,978-921-6100,978-922-6597,"PK,K,01,02,03,04,05,06,07,08,09,10,11,12"Billerica,,310000,Public School District,Superintendent,Timothy Piwowar,365 Boston Rd,,Billerica,MA,1821,978-528-7900,978-436-9595,"PK,K,01,02,03,04,05,06,07,08,09,10,11,12"Blackstone (non-op),,320000,Public School District,Superintendent,Perry Davis,175 Lincoln Street,,Blackstone,MA,1504,508-883-4400,508-883-9892,NABlackstone Valley Regional Vocational Technical,,8050000,Public School District,Superintendent,Michael Fitzpatrick,65 Pleasant Street,,Upton,MA,1568,508-529-7758,508-529-3079,"09,10,11,12"Blackstone-Millville,,6220000,Public School District,Superintendent,Perry Davis,175 Lincoln Street,,Blackstone,MA,1504,508-883-4400,508-883-9892,"PK,K,01,02,03,04,05,06,07,08,09,10,11,12"Blandford (non-op),,330000,Public School District,Superintendent,David Hopson,12 Littleville Road,,Huntington,MA,1050,413-685-1011,413-667-8739,NABlue Hills Regional Vocational Technical,,8060000,Public School District,Superintendent,James Quaglia,800 Randolph Street,,Canton,MA,2021,781-828-5800,781-828-3872,"09,10,11,12"Bolton (non-op),,340000,Public School District,Superintendent,Michael Wood,50 Mechanic Street,,Bolton,MA,1740,978-779-0539,978-779-6812,NABoston,yes,350000,Public School District,Superintendent,John McDonough,26 Court Street,,Boston,MA,2108,617-635-9050,617-635-9059,"PK,K,01,02,03,04,05,06,07,08,09,10,11,12"Boston Collegiate Charter (District),,4490000,Charter District,Charter School Leader,Shannah Varon,11 Mayhew Street,,Dorchester,MA,2125,617-265-1172,617-265-1176,"05,06,07,08,09,10,11,12"Boston Day and Evening Academy Charter (District),,4240000,Charter District,Charter School Leader,Beatriz McConnie Zapater,20 Kearsarge Ave,,Roxbury,MA,2119,617-635-6789,617-635-6380,"09,10,11,12"Boston Green Academy Horace Mann Charter School (District),,4110000,Charter District,Charter School Leader,Natalie Jaeger,95 G Street,,South Boston,MA,2127,617-635-9860,617-635-9858,"09,10,11,12"Boston Preparatory Charter Public (District),,4160000,Charter District,Charter School Leader,Sharon Liszanckie,1286 Hyde Park Avenue,,Hyde Park,MA,2136,617-333-6688,617-333-6689,"06,07,08,09,10,11,12"Boston Renaissance Charter Public (District),,4810000,Charter District,Charter School Leader,Roger Harris,1415 Hyde Park Ave,,Hyde Park,MA,2136,617-357-0900,617-357-0949,"PK,K,01,02,03,04,05,06"Bourne,,360000,Public School District,Superintendent,Steven Lamarche,36 Sandwich Rd,,Bourne,MA,2532,508-759-0660,508-759-1107,"PK,K,01,02,03,04,05,06,07,08,09,10,11,12"Boxborough,,370000,Public School District,Superintendent,Curtis Bates,493 Massachusetts Avenue,,Boxborough,MA,1719,978-263-4569,978-263-0477,"PK,K,01,02,03,04,05,06"Boxford,,380000,Public School District,Superintendent,Bernard Creeden,28 Middleton Road,,Boxford,MA,1921,978-887-0771,978-887-8042,"PK,K,01,02,03,04,05,06"Boylston,,390000,Public School District,Superintendent,Nadine Ekstrom,215 Main Street,,Boylston,MA,1505,508-869-2837,508-869-0023,"PK,K,01,02,03,04,05"Braintree,,400000,Public School District,Superintendent,Maureen Murray,348 Pond Street,,Braintree,MA,2184,781-380-0130,781-380-0146,"PK,K,01,02,03,04,05,06,07,08,09,10,11,12"Brewster,,410000,Public School District,Superintendent,Richard Hoffmann,78 Eldredge Pkwy,,Orleans,MA,2653,508-255-8800,508-240-2351,"PK,K,01,02,03,04,05"Bridge Boston Charter School (District),,4170000,Charter District,Charter School Leader,Jug Chokshi,2 McLellan Street,,Dorchester,MA,2121,857-229-1601,--,"PK,K,01,02"Bridgewater (non-op),,420000,Public School District,Superintendent,Jacqueline Forbes,166 Mt. Prospect Street,,Bridgewater,MA,2324,508-279-2140,508-697-7012,NABridgewater-Raynham,,6250000,Public School District,Superintendent,Jacqueline Forbes,166 Mt. Prospect Street,,Bridgewater,MA,2324,508-279-2140,508-697-7012,"PK,K,01,02,03,04,05,06,07,08,09,10,11,12"Brimfield,,430000,Public School District,Superintendent,Erin Nosek,320A Brookfield Rd,,Fiskdale,MA,1518,508-347-3077,508-347-2697,"PK,K,01,02,03,04,05,06"Bristol County Agricultural,,9100000,Public School District,Superintendent,Stephen Dempsey,135 Center Street,,Dighton,MA,2715,508-669-6744,508-669-6747,"09,10,11,12"Bristol-Plymouth Regional Vocational Technical,,8100000,Public School District,Superintendent,Richard Gross,207 Hart Street,,Taunton,MA,2780,508-823-5151,508-880-7287,"09,10,11,12"Brockton,,440000,Public School District,Superintendent,Kathleen Smith,43 Crescent Street,,Brockton,MA,2301,508-580-7511,508-580-7513,"PK,K,01,02,03,04,05,06,07,08,09,10,11,12"Brooke Charter School East Boston (District),,4570000,Charter District,Charter School Leader,Kimberly Steadman,189 Paris Street,,East Boston,MA,2128,617-409-5150,--,"K,01,02,05,06"Brooke Charter School Mattapan (District),,4430000,Charter District,Charter School Leader,Kimberly Steadman,7 Elkins Street,,Boston,MA,2127,617-269-1006,617-268-1107,"K,01,02,03,05,06,07"Brooke Charter School Roslindale (District),,4280000,Charter District,Charter School Leader,Kimberly Steadman,190 Cummins Highway,,Roslindale,MA,2131,617-325-7977,617-325-2260,"K,01,02,03,04,05,06,07,08"Brookfield,,450000,Public School District,Superintendent,Erin Nosek,320 Brookfield Rd,,Fiskdale,MA,1518,508-347-3077,508-347-2697,"PK,K,01,02,03,04,05,06"Brookline,yes,460000,Public School District,Superintendent,William Lupini,333 Washington Street,,Brookline,MA,2445,617-730-2403,617-730-2601,"PK,K,01,02,03,04,05,06,07,08,09,10,11,12"Buckland (non-op),,470000,Public School District,Superintendent,Michael Buoniconti,24 Ashfield Rd,,Shelburne Falls,MA,1370,413-625-0192,413-625-0196,NABurlington,,480000,Public School District,Superintendent,Eric Conti,123 Cambridge Street,,Burlington,MA,1803,781-270-1801,781-270-1773,"PK,K,01,02,03,04,05,06,07,08,09,10,11,12"Cambridge,yes,490000,Public School District,Superintendent,Jeffrey Young,159 Thorndike Street,,Cambridge,MA,2141,617-349-6494,617-349-6496,"PK,K,01,02,03,04,05,06,07,08,09,10,11,12"Canton,,500000,Public School District,Superintendent,Jeffrey Granatino,960 Washington Street,,Canton,MA,2021,781-821-5060,781-575-6500,"PK,K,01,02,03,04,05,06,07,08,09,10,11,12"Cape Cod Lighthouse Charter (District),,4320000,Charter District,Charter School Leader,Paul Niles,195 Route 137,,Harwich,MA,2645,774-408-7994,774-237-9041,"06,07,08"Cape Cod Regional Vocational Technical,,8150000,Public School District,Superintendent,Robert Sanborn,351 Pleasant Lake Avenue,,Harwich,MA,2645,508-432-4500,508-432-7916,"09,10,11,12"Carlisle,,510000,Public School District,Superintendent,Joan Wickman,83 School Street,,Carlisle,MA,1741,978-369-6550,978-371-2400,"PK,K,01,02,03,04,05,06,07,08"Carver,,520000,Public School District,Superintendent,Elizabeth Sorrell,3 Carver Square Blvd.,,Carver,MA,2330,508-866-6160,508-866-2920,"PK,K,01,02,03,04,05,06,07,08,09,10,11,12"Central Berkshire,,6350000,Public School District,Superintendent,William Cameron,PO Box 299,,Dalton,MA,1227,413-684-0320,413-684-4088,"PK,K,01,02,03,04,05,06,07,08,09,10,11,12"Charlemont (non-op),,530000,Public School District,Superintendent,Michael Buoniconti,24 Ashfield Rd,,Shelburne Falls,MA,1370,413-625-0192,413-625-0196,NACharlton (non-op),,540000,Public School District,Superintendent,Sean Gilrein,68 Dudley Oxford Road,,Dudley,MA,1571,508-943-6888,508-943-1077,NAChatham (Non-op),,550000,Public School District,Superintendent,Scott Carpenter,425 Crowell Rd,,Chatham,MA,2633,508-945-5130,508-945-5133,NAChelmsford,,560000,Public School District,Superintendent,Frank Tiano,230 North Road,,Chelmsford,MA,1824,978-251-5100,978-251-5110,"PK,K,01,02,03,04,05,06,07,08,09,10,11,12"Chelsea,,570000,Public School District,Superintendent,Mary Bourque,500 Broadway Street,c/o City Hall Room 216,Chelsea,MA,2150,617-466-4477,617-889-8361,"PK,K,01,02,03,04,05,06,07,08,09,10,11,12"Cheshire (non-op),,580000,Public School District,Superintendent,Alfred Skrocki,125 Savoy Road,,Cheshire,MA,1225,413-743-2939,413-743-4135,NAChester (non-op),,590000,Public School District,Superintendent,David Hopson,12 Littleville Road,,Huntington,MA,1050,413-685-1011,413-667-8739,NAChesterfield (non-op),,600000,Public School District,Superintendent,Craig Jurgensen,19 Stage Rd,,Westhampton,MA,1027,413-527-7200,413-529-9497,NAChesterfield-Goshen,,6320000,Public School District,Superintendent,Craig Jurgensen,19 Stage Rd,,Westhampton,MA,1027,413-527-7200,413-529-9497,"PK,K,01,02,03,04,05,06"Chicopee,,610000,Public School District,Superintendent,Richard Rege,180 Broadway Street,,Chicopee,MA,1020,413-594-3410,413-594-3552,"PK,K,01,02,03,04,05,06,07,08,09,10,11,12"Chilmark (non-op),,620000,Public School District,Superintendent,James Weiss,4 Pine Street,,Vineyard Haven,MA,2568,508-693-2007,508-693-3190,NAChrista McAuliffe Regional Charter Public (District),,4180000,Charter District,Charter School Leader,Kristin Harrison,25 Clinton Street,,Framingham,MA,1702,508-879-9000,508-879-1066,"06,07,08"City On A Hill Charter Public (District),,4370000,Charter District,Charter School Leader,Erica Brown,58 Circuit Street,,Roxbury,MA,2119,617-445-1515,617-445-9153,"09,10,11,12"City on a Hill Charter Public School II (District),,35040000,Charter District,Charter School Leader,Erica Brown,18 Samoset Street,,Dorchester,MA,2124,617-516-5888,--,9Clarksburg,,630000,Public School District,Superintendent,Jon Lev,777 West Crossroad,,Clarksburg,MA,1247,413-664-8735,413-664-8735,"K,01,02,03,04,05,06,07,08"Clinton,,640000,Public School District,Superintendent,Terrance Ingano,150 School Street,,Clinton,MA,1510,978-365-4200,978-365-5037,"PK,K,01,02,03,04,05,06,07,08,09,10,11,12"Codman Academy Charter Public (District),,4380000,Charter District,Charter School Leader,Margaret Campbell,637 Washington Street,,Dorchester,MA,2124,617-287-0700,617-287-9064,"PK,K,09,10,11,12"Cohasset,,650000,Public School District,Superintendent,Barbara Cataldo,143 Pond Street,,Cohasset,MA,2025,781-383-6112,781-383-6507,"PK,K,01,02,03,04,05,06,07,08,09,10,11,12"Colrain (non-op),,660000,Public School District,Superintendent,Michael Buoniconti,24 Ashfield Rd,,Shelburne Falls,MA,1370,413-625-0192,413-625-0196,NACommunity Charter School of Cambridge (District),,4360000,Charter District,Charter School Leader,Caleb Hurst-Hiller,245 Bent Street,,Cambridge,MA,2141,617-354-0047,617-354-3624,"07,08,09,10,11,12"Community Day Charter Public School - Gateway (District),,4260000,Charter District,Charter School Leader,Kennedy Hilario,190 Hampshire Street,,Lawrence,MA,1840,978-722-2538,978-682-1013,"PK,K,01,02"Community Day Charter Public School - Prospect (District),,4400000,Charter District,Charter School Leader,Kennedy Hilario,190 Hampshire Street,,Lawrence,MA,1840,978-722-2538,978-682-1013,"PK,K,01,02,03,04,05,06,07,08"Community Day Charter Public School - R. Kingman Webster (District),,4310000,Charter District,Charter School Leader,Kennedy Hilario,190 Hampshire Street,,Lawrence,MA,1840,978-722-2538,978-682-1013,"PK,K,01,02"Concord,yes,670000,Public School District,Superintendent,Diana Rigby,120 Meriam Rd,,Concord,MA,1742,978-318-1500,978-318-1537,"PK,K,01,02,03,04,05,06,07,08"Concord-Carlisle,,6400000,Public School District,Superintendent,Diana Rigby,120 Meriam Rd,,Concord,MA,1742,978-341-2490,978-318-1537,"09,10,11,12"Conservatory Lab Charter (District),,4390000,Charter District,Charter School Leader,Diana Lam,25 Arlington Street,,Brighton,MA,2135,617-254-8904,617-254-8909,"PK,K,01,02,03,04,05,06,07"Conway,,680000,Public School District,Superintendent,Martha Barrett,219 Christian Ln RFD1,,South Deerfield,MA,1373,413-665-1155,413-665-8506,"PK,K,01,02,03,04,05,06"Cummington (non-op),,690000,Public School District,Superintendent,William Cameron,254 Hinsdale Road,Box 299,Dalton,MA,1227,413-684-0320,413-684-4088,NADalton (non-op),,700000,Public School District,Superintendent,William Cameron,PO Box 299,,Dalton,MA,1227,413-684-0320,413-684-4088,NADanvers,,710000,Public School District,Superintendent,Lisa Dana,64 Cabot Road,,Danvers,MA,1923,978-777-4539,978-777-8931,"PK,K,01,02,03,04,05,06,07,08,09,10,11,12"Dartmouth,,720000,Public School District,Superintendent,Ana Riley,8 Bush Street,,Dartmouth,MA,2748,508-997-3391,508-991-4184,"PK,K,01,02,03,04,05,06,07,08,09,10,11,12"Dedham,,730000,Public School District,Superintendent,June Doe,100 Whiting Avenue,,Dedham,MA,2026,781-326-5622,781-320-0193,"PK,K,01,02,03,04,05,06,07,08,09,10,11,12"Deerfield,,740000,Public School District,Superintendent,Martha Barrett,219 Christian Ln RFD1,,South Deerfield,MA,1373,413-665-1155,413-665-8506,"PK,K,01,02,03,04,05,06"Dennis (non-op),,750000,Public School District,Superintendent,Carol Woodbury,296 Station Avenue,,South Yarmouth,MA,2664,508-398-7605,508-398-7622,NADennis-Yarmouth,,6450000,Public School District,Superintendent,Carol Woodbury,296 Station Avenue,,South Yarmouth,MA,2664,508-398-7600,508-398-7622,"PK,K,01,02,03,04,05,06,07,08,09,10,11,12"Devens (non-op),,3520000,Public School District,Superintendent,Joseph Connelly,270 Barnum Rd,,Devens,MA,1432,978-772-6340,978-772-7577,NADighton (non-op),,760000,Public School District,Superintendent,Michael Malone,2700 Regional Road,,North Dighton,MA,2764,508-252-5000,508-252-5024,NADighton-Rehoboth,,6500000,Public School District,Superintendent,Michael Malone,2700 Regional Road,,North Dighton,MA,2764,508-252-5000,508-252-5024,"PK,K,01,02,03,04,05,06,07,08,09,10,11,12"Dorchester Collegiate Academy Charter (District),,4750000,Charter District,Charter School Leader,Robert Flynn,131 Hancock Street,,Dorchester,MA,2125,617-379-3027,--,"04,05,06,07,08"Douglas,,770000,Public School District,Superintendent,Nancy Lane,21 Davis Street,,Douglas,MA,1516,508-476-7901,508-476-3719,"PK,K,01,02,03,04,05,06,07,08,09,10,11,12"Dover,,780000,Public School District,Superintendent,Steven Bliss,157 Farm Street,,Dover,MA,2030,508-785-0036,508-785-2239,"K,01,02,03,04,05"Dover-Sherborn,,6550000,Public School District,Superintendent,Steven Bliss,157 Farm Street,,Dover,MA,2030,508-785-0036,508-785-2239,"06,07,08,09,10,11,12"Dracut,,790000,Public School District,Superintendent,Steven Stone,2063 Lakeview Avenue,,Dracut,MA,1826,978-957-2660,978-957-2682,"PK,K,01,02,03,04,05,06,07,08,09,10,11,12"Dudley (non-op),,800000,Public School District,Superintendent,Sean Gilrein,68 Dudley Oxford Road,,Dudley,MA,1571,508-943-6888,508-943-1077,NADudley Street Neighborhood Charter School (District),,4070000,Charter District,Charter School Leader,Christine Landry,6 Shirley Street,,Boston,MA,2119,617-635-8507,617-635-6320,"PK,K,01,02"Dudley-Charlton Reg,,6580000,Public School District,Superintendent,Sean Gilrein,68 Dudley Oxford Road,,Dudley,MA,1571,508-943-6888,508-943-1077,"PK,K,01,02,03,04,05,06,07,08,09,10,11,12"Dunstable (non-op),,810000,Public School District,Superintendent,Anthony Bent,P O Box 729,,Groton,MA,1450,978-448-5505,978-448-9402,NADuxbury,,820000,Public School District,Superintendent,Benedict Tantillo,130 St. George Street,,Duxbury,MA,2332,781-934-7600,781-934-7644,"PK,K,01,02,03,04,05,06,07,08,09,10,11,12"East Bridgewater,,830000,Public School District,Superintendent,John Moretti,143 Plymouth Street,,East Bridgewater,MA,2333,508-378-8200,508-378-8225,"PK,K,01,02,03,04,05,06,07,08,09,10,11,12"East Brookfield (non-op),,840000,Public School District,Superintendent,Edward Malvey,306 Main Street,,Spencer,MA,1562,508-885-8500,508-885-8504,NAEast Longmeadow,,870000,Public School District,Superintendent,Gordon Smith,180 Maple Street,,East Longmeadow,MA,1028,413-525-5450,413-525-5456,"PK,K,01,02,03,04,05,06,07,08,09,10,11,12"Eastham,,850000,Public School District,Superintendent,Richard Hoffmann,78 Eldredge Pkwy,,Orleans,MA,2653,508-255-8800,508-240-2351,"PK,K,01,02,03,04,05"Easthampton,,860000,Public School District,Superintendent,Nancy Follansbee,50 Payson Avenue,Second Floor,Easthampton,MA,1027,413-529-1500,413-529-1567,"PK,K,01,02,03,04,05,06,07,08,09,10,11,12"Easton,,880000,Public School District,Superintendent,Michael Green,PO Box 359,,North Easton,MA,2356,508-230-3200,508-238-3563,"PK,K,01,02,03,04,05,06,07,08,09,10,11,12"Edgartown,,890000,Public School District,Superintendent,James Weiss,4 Pine Street,,Vineyard Haven,MA,2568,508-693-2007,508-693-3190,"PK,K,01,02,03,04,05,06,07,08"Edward M. Kennedy Academy for Health Careers (Horace Mann Charter School),,4520000,Charter District,Charter School Leader,Caren Walker Gregory,360 Huntington Avenue,c/o 102 Cahners Hall,Boston,MA,2115,617-373-8576,617-373-7850,"09,10,11,12"Egremont (non-op),,900000,Public School District,Superintendent,David Hastings,PO Box 339,,Sheffield,MA,1257,413-229-8778,413-229-2913,NAErving,,910000,Public School District,Superintendent,Robert Mahler,18 Pleasant Street,,Erving,MA,1344,413-423-3337,413-423-3236,"PK,K,01,02,03,04,05,06"Essex (non-op),,920000,Public School District,Superintendent,Marcia O'Neil,36 Lincoln Street,P. O. Box 1407,Manchester,MA,1944,978-526-4919,--,NAEssex Agricultural Technical,,9130000,Public School District,Superintendent,Joy White,PO BOX 362,,Hathorne,MA,1937,978-774-0050,978-774-6530,"09,10,11,12"Everett,,930000,Public School District,Superintendent,Frederick Foresteire,121 Vine Street,,Everett,MA,2149,617-389-7950,617-394-2408,"PK,K,01,02,03,04,05,06,07,08,09,10,11,12"Excel Academy Charter (District),,4100000,Charter District,Charter School Leader,Owen Stearns,58 Moore Street,,East Boston,MA,2128,617-874-4080,617-516-1603,"05,06,07,08"Excel Academy Charter School - Boston II (District),,4590000,Charter District,Charter School Leader,Owen Stearns,1150 Saratoga Street,,East Boston,MA,2128,617-561-1371,617-963-7162,"05,06"Excel Academy Charter School - Chelsea (District),,4610000,Charter District,Charter School Leader,Owen Stearns,180 Second Street,,Chelsea,MA,2150,617-336-9970,617-516-9676,"05,06,07"Fairhaven,,940000,Public School District,Superintendent,Robert Baldwin,128 Washington Street,,Fairhaven,MA,2719,508-979-4000,508-979-4149,"PK,K,01,02,03,04,05,06,07,08,09,10,11,12"Fall River,,950000,Public School District,Superintendent,Margery Mayo-Brown,417 Rock Street,,Fall River,MA,2720,508-675-8420,508-675-8462,"PK,K,01,02,03,04,05,06,07,08,09,10,11,12"Falmouth,,960000,Public School District,Superintendent,Bonny Gifford,340 Teaticket Hwy,,East Falmouth,MA,2536,508-548-0151,508-457-9032,"PK,K,01,02,03,04,05,06,07,08,09,10,11,12"Farmington River Reg,,6620000,Public School District,Superintendent,Joanne Austin,555 N Main Street,PO Box 679,Otis,MA,1253,413-269-4466,413-269-7659,"PK,K,01,02,03,04,05,06"Fitchburg,,970000,Public School District,Superintendent,Andre Ravenelle,376 South Street,,Fitchburg,MA,1420,978-345-3200,978-348-2305,"PK,K,01,02,03,04,05,06,07,08,09,10,11,12"Florida,,980000,Public School District,Superintendent,Jon Lev,56 North County Rd,,Florida,MA,1247,413-664-6023,413-663-3593,"PK,K,01,02,03,04,05,06,07,08"Four Rivers Charter Public (District),,4130000,Charter District,Charter School Leader,Peter Garbus,248 Colrain Road,,Greenfield,MA,1301,413-775-4577,413-775-4578,"07,08,09,10,11,12"Foxborough,,990000,Public School District,Superintendent,Debra Spinelli,60 South Street,C/O Igo Administration Building,Foxborough,MA,2035,508-543-1660,508-543-4793,"PK,K,01,02,03,04,05,06,07,08,09,10,11,12"Foxborough Regional Charter (District),,4460000,Charter District,Charter School Leader,Mark Logan,131 Central Street,,Foxborough,MA,2035,508-543-2508,508-543-7982,"K,01,02,03,04,05,06,07,08,09,10,11,12"Framingham,yes,1000000,Public School District,Superintendent,Stacy Scott,454 Water Street,Office of the Superintendent,Framingham,MA,1701,508-626-9117,508-877-4240,"PK,K,01,02,03,04,05,06,07,08,09,10,11,12"Francis W. Parker Charter Essential (District),,4780000,Charter District,Charter School Leader,Todd Sumner,49 Antietam Street,,Devens,MA,1434,978-772-3293,978-772-3295,"07,08,09,10,11,12"Franklin,,1010000,Public School District,Superintendent,Maureen Sabolinski,355 East Central Street,,Franklin,MA,2038,508-541-5243,508-553-0321,"PK,K,01,02,03,04,05,06,07,08,09,10,11,12"Franklin County Regional Vocational Technical,,8180000,Public School District,Superintendent,James Laverty,82 Industrial Blvd,,Turners Falls,MA,1376,413-863-4239,413-863-2816,"09,10,11,12"Freetown (non-op),,1020000,Public School District,Superintendent,John McCarthy,98 Howland Rd,,Lakeville,MA,2347,508-923-2000,508-923-0934,NAFreetown-Lakeville,,6650000,Public School District,Superintendent,Kristine Nash,98 Howland Rd,,Lakeville,MA,2347,508-923-2000,508-923-0934,"PK,K,01,02,03,04,05,06,07,08,09,10,11,12"Frontier,,6700000,Public School District,Superintendent,Martha Barrett,219 Christian Ln RFD1,,South Deerfield,MA,1373,413-665-1155,413-665-8506,"07,08,09,10,11,12"Gardner,,1030000,Public School District,Superintendent,Carol Daring,70 Waterford Street,,Gardner,MA,1440,978-632-1000,978-632-1164,"PK,K,01,02,03,04,05,06,07,08,09,10,11,12"Gateway,,6720000,Public School District,Superintendent,David Hopson,12 Littleville Road,,Huntington,MA,1050,413-685-1000,413-667-8739,"PK,K,01,02,03,04,05,06,07,08,09,10,11,12"Georgetown,,1050000,Public School District,Superintendent,Carol Jacobs,51 North Street,,Georgetown,MA,1833,978-352-5777,978-352-5778,"PK,K,01,02,03,04,05,06,07,08,09,10,11,12"Gill (non-op),,1060000,Public School District,Superintendent,Michael Sullivan,35 Crocker Avenue,,Turners Falls,MA,1376,413-863-9324,413-863-4560,NAGill-Montague,,6740000,Public School District,Superintendent,Michael Sullivan,35 Crocker Avenue,,Turners Falls,MA,1376,413-863-9324,413-863-4560,"PK,K,01,02,03,04,05,06,07,08,09,10,11,12"Global Learning Charter Public (District),,4960000,Charter District,Charter School Leader,Stephen Furtado,190 Ashley Boulevard,,New Bedford,MA,2746,508-991-4105,508-991-4110,"05,06,07,08,09,10,11,12"Gloucester,,1070000,Public School District,Superintendent,Richard Safier,6 School House Rd,,Gloucester,MA,1930,978-281-9800,978-281-9899,"PK,K,01,02,03,04,05,06,07,08,09,10,11,12"Goshen (non-op),,1080000,Public School District,Superintendent,Craig Jurgensen,19 Stage Rd,,Westhampton,MA,1027,413-527-7200,413-529-9497,NAGosnold,,1090000,Public School District,Superintendent,Russell Latham,16 Williams Street,,Rehoboth,MA,2769,508-252-4272,508-252-4272,"03,04"Grafton,,1100000,Public School District,Superintendent,James Cummings,30 Providence Rd,,Grafton,MA,1519,508-839-5421,508-839-7618,"PK,K,01,02,03,04,05,06,07,08,09,10,11,12"Granby,,1110000,Public School District,Superintendent,Isabelina Rodriguez,387 East State Street,,Granby,MA,1033,413-467-7193,413-467-3909,"PK,K,01,02,03,04,05,06,07,08,09,10,11,12"Granville (Non-op),,1120000,Public School District,Superintendent,John Barry,86 Powder Mill Road,,Southwick,MA,1077,413-569-5391,413-569-1711,NAGreat Barrington (non-op),,1130000,Public School District,Superintendent,Peter Dillon,207 Pleasant Street,PO Box 596,Housatonic,MA,1236,413-274-6400,--,NAGreater Fall River Regional Vocational Technical,,8210000,Public School District,Superintendent,Marta Montleon,251 Stonehaven Rd,,Fall River,MA,2723,508-678-2891,508-679-6423,"09,10,11,12"Greater Lawrence Regional Vocational Technical,,8230000,Public School District,Superintendent,John Lavoie,57 River Rd,,Andover,MA,1810,978-686-0194,978-687-6209,"09,10,11,12"Greater Lowell Regional Vocational Technical,,8280000,Public School District,Superintendent,Roger Bourgeois,250 Pawtucket Blvd,,Tyngsborough,MA,1879,978-441-4800,978-441-5353,"09,10,11,12"Greater New Bedford Regional Vocational Technical,,8250000,Public School District,Superintendent,Linda Enos,1121 Ashley Blvd,,New Bedford,MA,2745,508-998-3321,508-995-7268,"09,10,11,12"Greenfield,,1140000,Public School District,Superintendent,Susan Hollins,141 Davis Street,,Greenfield,MA,1301,413-772-1311,413-774-7940,"PK,K,01,02,03,04,05,06,07,08,09,10,11,12"Groton (non-op),,1150000,Public School District,Superintendent,Anthony Bent,P O Box 729,,Groton,MA,1450,978-448-5505,978-448-9402,NAGroton-Dunstable,,6730000,Public School District,Superintendent,Anthony Bent,P O Box 729,,Groton,MA,1450,978-448-5505,978-448-9402,"PK,K,01,02,03,04,05,06,07,08,09,10,11,12"Groveland (non-op),,1160000,Public School District,Superintendent,Jeffrey Mulqueen,22 Main Street,,West Newbury,MA,1985,617-363-2280,--,NAHadley,,1170000,Public School District,Superintendent,Donna Moyer,125 Russell Street,,Hadley,MA,1035,413-586-0822,413-582-6453,"PK,K,01,02,03,04,05,06,07,08,09,10,11,12"Halifax,,1180000,Public School District,Superintendent,John Tuffy,250 Pembroke Street,,Kingston,MA,2364,781-585-4313,781-585-2994,"K,01,02,03,04,05,06"Hamilton (non-op),,1190000,Public School District,Superintendent,Michael Harvey,5 School Street,,Wenham,MA,1984,978-468-5310,978-468-7889,NAHamilton-Wenham,,6750000,Public School District,Superintendent,Michael Harvey,5 School Street,,Wenham,MA,1984,978-468-5310,978-468-7889,"PK,K,01,02,03,04,05,06,07,08,09,10,11,12"Hampden (non-op),,1200000,Public School District,Superintendent,Maurice O'Shea,621 Main Street,,Wilbraham,MA,1095,413-596-3884,413-599-1328,NAHampden Charter School of Science (District),,4990000,Charter District,Charter School Leader,Harun Celik,20 Johnson Road,,Chicopee,MA,1022,413-593-9090,413-294-2648,"06,07,08,09,10,11,12"Hampden-Wilbraham,,6800000,Public School District,Superintendent,Maurice O'Shea,621 Main Street,,Wilbraham,MA,1095,413-596-3884,413-599-1328,"PK,K,01,02,03,04,05,06,07,08,09,10,11,12"Hampshire,,6830000,Public School District,Superintendent,Craig Jurgensen,19 Stage Rd,,Westhampton,MA,1027,413-527-7200,413-529-9497,"07,08,09,10,11,12"Hancock,,1210000,Public School District,Superintendent,Barbara Ripa,1831 STATE ROAD,,RICHMOND,MA,1254,413-698-4001,413-698-4003,"PK,K,01,02,03,04,05,06"Hanover,,1220000,Public School District,Superintendent,Matthew Ferron,188 Broadway Street,,Hanover,MA,2339,781-878-0786,781-871-3374,"PK,K,01,02,03,04,05,06,07,08,09,10,11,12"Hanson (non-op),,1230000,Public School District,Superintendent,Ruth Gilbert-Whitner,610 Franklin Street,,Whitman,MA,2382,781-618-7412,781-618-7498,NAHardwick (non-op),,1240000,Public School District,Superintendent,Maureen Marshall,PO Box 667,,Barre,MA,1005,978-355-4668,--,NAHarvard,,1250000,Public School District,Superintendent,Joseph Connelly,39 Massachusetts Avenue,,Harvard,MA,1451,978-456-4140,978-456-8592,"PK,K,01,02,03,04,05,06,07,08,09,10,11,12"Harwich (Non-op),,1260000,Public School District,Superintendent,Scott Carpenter,425 Crowell Rd,,Chatham,MA,2633,508-945-5130,508-945-5133,NAHatfield,,1270000,Public School District,Superintendent,John Robert,34 School Street,,Hatfield,MA,1038,413-247-5641,413-247-0201,"PK,K,01,02,03,04,05,06,07,08,09,10,11,12"Haverhill,,1280000,Public School District,Superintendent,James Scully,4 Summer Street,,Haverhill,MA,1830,978-374-3405,978-373-1535,"PK,K,01,02,03,04,05,06,07,08,09,10,11,12"Hawlemont,,6850000,Public School District,Superintendent,Michael Buoniconti,24 Ashfield Rd,,Shelburne Falls,MA,1370,413-625-0192,413-625-0196,"PK,K,01,02,03,04,05,06"Hawley (non-op),,1290000,Public School District,Superintendent,Michael Buoniconti,24 Ashfield Rd,,Shelburne Falls,MA,1370,413-625-0192,413-625-0196,NAHeath (non-op),,1300000,Public School District,Superintendent,Michael Buoniconti,24 Ashfield Rd,,Shelburne Falls,MA,1370,413-625-0192,413-625-0196,NAHill View Montessori Charter Public (District),,4550000,Charter District,Charter School Leader,Jeanne Schultz,75 Foundation Ave,Ward Hill Business Park,Haverhill,MA,1835,978-521-2616,978-521-2656,"K,01,02,03,04,05,06,07,08"Hilltown Cooperative Charter Public (District),,4500000,Charter District,Charter School Leader,Amy Aaron,132 Main Street,Box 147,Haydenville,MA,1039,413-268-3421,413-268-3185,"K,01,02,03,04,05,06,07,08"Hingham,,1310000,Public School District,Superintendent,Dorothy Galo,220 Central Street,,Hingham,MA,2043,781-741-1500,781-749-7457,"PK,K,01,02,03,04,05,06,07,08,09,10,11,12"Hinsdale (non-op),,1320000,Public School District,Superintendent,William Cameron,PO Box 299,,Dalton,MA,1227,413-684-0320,413-684-4088,NAHolbrook,,1330000,Public School District,Superintendent,Patricia Lally,245 So. Franklin Street,,Holbrook,MA,2343,781-767-1226,781-767-1312,"PK,K,01,02,03,04,05,06,07,08,09,10,11,12"Holden (non-op),,1340000,Public School District,Superintendent,Thomas Pandiscio,Jefferson School,1745 Main Street,Jefferson,MA,1522,508-829-1670,508-829-1680,NAHolland,,1350000,Public School District,Superintendent,Erin Nosek,320 Brookfield Rd,,Fiskdale,MA,1518,508-347-3077,508-347-2697,"PK,K,01,02,03,04,05,06"Holliston,,1360000,Public School District,Superintendent,Bradford Jackson,370 Hollis Street,,Holliston,MA,1746,508-429-0654,508-429-0653,"PK,K,01,02,03,04,05,06,07,08,09,10,11,12"Holyoke,,1370000,Public School District,Superintendent,Sergio Paez,57 Suffolk Street,,Holyoke,MA,1040,413-534-2005,413-534-2297,"PK,K,01,02,03,04,05,06,07,08,09,10,11,12"Holyoke Community Charter (District),,4530000,Charter District,Charter School Leader,Sonia Pope,2200 Northampton Street,,Holyoke,MA,1040,413-533-0111,413-536-5444,"K,01,02,03,04,05,06,07,08"Hopedale,,1380000,Public School District,Superintendent,Dennis Breen,25 Adin Street,,Hopedale,MA,1747,508-634-2220,508-478-1471,"PK,K,01,02,03,04,05,06,07,08,09,10,11,12"Hopkinton,,1390000,Public School District,Superintendent,Cathy MacLeod,89 Hayden Rowe Street,,Hopkinton,MA,1748,508-417-9360,508-497-9833,"PK,K,01,02,03,04,05,06,07,08,09,10,11,12"Hubbardston (non-op),,1400000,Public School District,Superintendent,Maureen Marshall,8 Elm Street,,Hubbardston,MA,1452,978-928-4487,--,NAHudson,,1410000,Public School District,Superintendent,Kevin Lyons,155 Apsley Street,,Hudson,MA,1749,978-567-6100,978-567-6123,"PK,K,01,02,03,04,05,06,07,08,09,10,11,12"Hull,,1420000,Public School District,Superintendent,Kathleen Tyrell,180 Harborview Road,,Hull,MA,2045,781-925-4400,781-925-8042,"PK,K,01,02,03,04,05,06,07,08,09,10,11,12"Huntington (non-op),,1430000,Public School District,Superintendent,David Hopson,12 Littleville Road,,Huntington,MA,1050,413-685-1011,413-667-8739,NAInnovation Academy Charter (District),,4350000,Charter District,Charter School Leader,Gregory Orpen,72 Tyng Road,,Tyngsborough,MA,1879,978-649-0432,978-649-6337,"05,06,07,08,09,10,11,12"Institutional Schools,,3700000,Public School District,Superintendent,Mary Lou Chapman,75 Pleasant Street,,Malden,MA,2148,781-338-3305,781-338-3371,"01,02,03,04,05,06,07,08,09,10,11,12"Ipswich,,1440000,Public School District,Superintendent,William Hart,1 Lord Square,,Ipswich,MA,1938,978-356-2935,978-356-0445,"PK,K,01,02,03,04,05,06,07,08,09,10,11,12"King Philip,,6900000,Public School District,Superintendent,Elizabeth Zielinski,18 King Street,,Norfolk,MA,2056,508-520-7991,508-520-2044,"07,08,09,10,11,12"Kingston,,1450000,Public School District,Superintendent,John Tuffy,250 Pembroke Street,,Kingston,MA,2364,781-585-4313,781-585-2994,"K,01,02,03,04,05,06"KIPP Academy Boston Charter School (District),,4630000,Charter District,Charter School Leader,Caleb Dolan,90 High Rock St,,Lynn,MA,1902,617-238-7300,617-652-7461,"05,06"KIPP Academy Lynn Charter (District),,4290000,Charter District,Charter School Leader,Caleb Dolan,90 High Rock Street,,Lynn,MA,1902,781-598-1609,781-598-1639,"05,06,07,08,09,10,11"Lakeville (non-op),,1460000,Public School District,Superintendent,John McCarthy,98 Howland Rd,,Lakeville,MA,2347,508-923-2000,508-923-0934,NALancaster (non-op),,1470000,Public School District,Superintendent,Michael Wood,50 Mechanic Street,,Bolton,MA,1740,978-779-0539,978-779-6812,NALanesborough,,1480000,Public School District,Superintendent,Rose Ellis,1781 Cold Spring Road,,Williamstown,MA,1267,413-458-9582,413-458-2856,"K,01,02,03,04,05,06"Lawrence,,1490000,Public School District,Superintendent,Jeffrey Riley,255 Essex Street,,Lawrence,MA,1840,978-975-5900,978-722-8541,"PK,K,01,02,03,04,05,06,07,08,09,10,11,12"Lawrence Family Development Charter (District),,4540000,Charter District,Charter School Leader,Ralph Carrero,34 West Street,,Lawrence,MA,1841,978-689-9863,978-689-8133,"K,01,02,03,04,05,06,07,08"Lee,,1500000,Public School District,Superintendent,Alfred Skrocki,480 Pleasant Street,Suite B-200,Lee,MA,1238,413-243-0276,413-243-4995,"PK,K,01,02,03,04,05,06,07,08,09,10,11,12"Leicester,,1510000,Public School District,Superintendent,Bonnie Thibeault,1078 Main Street,,Leicester,MA,1524,508-892-7040,508-892-7043,"PK,K,01,02,03,04,05,06,07,08,09,10,11,12"Lenox,,1520000,Public School District,Superintendent,Edward Costa,6 Walker Street,,Lenox,MA,1240,413-637-5550,413-637-5559,"PK,K,01,02,03,04,05,06,07,08,09,10,11,12"Leominster,,1530000,Public School District,Superintendent,James Jolicoeur,24 Church Street,,Leominster,MA,1453,978-534-7700,978-534-7775,"PK,K,01,02,03,04,05,06,07,08,09,10,11,12"Leverett,,1540000,Public School District,Superintendent,Robert Mahler,18 Pleasant Street,,Erving,MA,1344,413-423-3337,413-423-3236,"PK,K,01,02,03,04,05,06"Lexington,yes,1550000,Public School District,Superintendent,Paul Ash,146 Maple Street,,Lexington,MA,2420,781-861-2550,781-863-5829,"PK,K,01,02,03,04,05,06,07,08,09,10,11,12"Leyden (non-op),,1560000,Public School District,Superintendent,Dayle Doiron,97 F Sumner Turner Rd,,Northfield,MA,1360,413-498-2911,413-498-0045,NALincoln,,1570000,Public School District,Superintendent,Rebecca McFall,1 Ballfield Road,,Lincoln,MA,1773,781-259-9409,781-259-9246,"PK,K,01,02,03,04,05,06,07,08"Lincoln-Sudbury,,6950000,Public School District,Superintendent,Bella Wong,390 Lincoln Rd,,Sudbury,MA,1776,978-443-9961,978-443-8824,"09,10,11,12"Littleton,,1580000,Public School District,Superintendent,Kelly Clenchy,PO Box 1486,,Littleton,MA,1460,978-540-2500,978-486-9581,"PK,K,01,02,03,04,05,06,07,08,09,10,11,12"Longmeadow,,1590000,Public School District,Superintendent,Marie Doyle,535 Bliss Road,,Longmeadow,MA,1106,413-565-4200,413-565-4215,"PK,K,01,02,03,04,05,06,07,08,09,10,11,12"Lowell,,1600000,Public School District,Superintendent,Jean Franco,43 Highland Street,,Lowell,MA,1852,978-674-4320,978-937-7609,"PK,K,01,02,03,04,05,06,07,08,09,10,11,12"Lowell Collegiate Charter School,,35030000,Charter District,Charter School Leader,Joseph Mccleary,25 Father John Sarantos Way,,Lowell,MA,1854,978-458-1399,--,"K,01,02,03"Lowell Community Charter Public (District),,4560000,Charter District,Charter School Leader,Kathy Egmont,206 Jackson Street,,Lowell,MA,1852,978-323-0800,978-323-4600,"K,01,02,03,04,05,06"Lowell Middlesex Academy Charter (District),,4580000,Charter District,Charter School Leader,Margaret McDevitt,67 Middle St,,Lowell,MA,1852,978-656-3165,978-459-0456,"09,10,11,12"Ludlow,,1610000,Public School District,Superintendent,Todd Gazda,63 Chestnut Street,,Ludlow,MA,1056,413-583-8372,413-583-5666,"PK,K,01,02,03,04,05,06,07,08,09,10,11,12"Lunenburg,,1620000,Public School District,Superintendent,Loxi Jo Calmes,1025 Mass Avenue,,Lunenburg,MA,1462,978-582-4100,978-582-4103,"PK,K,01,02,03,04,05,06,07,08,09,10,11,12"Lynn,yes,1630000,Public School District,Superintendent,Catherine Latham,100 Bennett St,,Lynn,MA,1905,781-593-1680,781-477-7487,"PK,K,01,02,03,04,05,06,07,08,09,10,11,12"Lynnfield,,1640000,Public School District,Superintendent,Thomas Jefferson,55 Summer Street,,Lynnfield,MA,1940,781-334-9200,781-334-9209,"PK,K,01,02,03,04,05,06,07,08,09,10,11,12"Ma Academy for Math and Science,,4680000,Public School District,Superintendent,Michael Barney,85 Prescott Street,,Worcester,MA,1605,508-831-5859,508-831-5880,"11,12"Malden,,1650000,Public School District,Superintendent,David De Ruosi,200 Pleasant Street,,Malden,MA,2148,781-397-7204,781-397-7276,"PK,K,01,02,03,04,05,06,07,08,09,10,11,12"Manchester (non-op),,1660000,Public School District,Superintendent,Marcia O'Neil,36 Lincoln Street,,Manchester,MA,1944,978-526-4919,978-526-7585,NAManchester Essex Regional,,6980000,Public School District,Superintendent,Pamela Beaudoin,PO BOX 1407,,Manchester,MA,1944,978-526-4919,978-526-7585,"PK,K,01,02,03,04,05,06,07,08,09,10,11,12"Mansfield,,1670000,Public School District,Superintendent,Brenda Hodges,2 Park Row,,Mansfield,MA,2048,508-261-7500,508-261-7509,"PK,K,01,02,03,04,05,06,07,08,09,10,11,12"Marblehead,,1680000,Public School District,Superintendent,Maryann Perry,9 Widger Road,,Marblehead,MA,1945,781-639-3141,781-639-3149,"PK,K,01,02,03,04,05,06,07,08,09,10,11,12"Marblehead Community Charter Public (District),,4640000,Charter District,Charter School Leader,Helena Cullen-Hamzeh,17 Lime Street,,Marblehead,MA,1945,781-631-0777,781-631-0500,"04,05,06,07,08"Marion,,1690000,Public School District,Superintendent,Douglas White,135 Marion Rd,,Mattapoisett,MA,2739,508-758-2772,508-758-2802,"PK,K,01,02,03,04,05,06"Marlborough,,1700000,Public School District,Superintendent,Richard Langlois,17 Washington Street,,Marlborough,MA,1752,508-460-3509,508-485-1142,"PK,K,01,02,03,04,05,06,07,08,09,10,11,12"Marshfield,,1710000,Public School District,Superintendent,Scott Borstel,76 South River Street,,Marshfield,MA,2050,781-834-5000,781-834-5070,"PK,K,01,02,03,04,05,06,07,08,09,10,11,12"Martha's Vineyard Charter (District),,4660000,Charter District,Charter School Leader,Robert Moore,PO Box 1150,,West Tisbury,MA,2575,508-693-9900,508-696-9008,"K,01,02,03,04,05,06,07,08,09,10,11,12"Marthas Vineyard,,7000000,Public School District,Superintendent,James Weiss,4 Pine Street,,Vineyard Haven,MA,2568,508-693-2007,508-693-3190,"09,10,11,12"Martin Luther King Jr. Charter School of Excellence (District),,4920000,Charter District,Charter School Leader,Alan Katz,285 Dorset Street,,Springfield,MA,1108,413-214-7806,413-214-7838,"K,01,02,03,04,05"Masconomet,,7050000,Public School District,Superintendent,Darrell Lockwood,20 Endicott Rd,,Topsfield,MA,1983,978-887-2323,978-887-3573,"07,08,09,10,11,12"Mashpee,,1720000,Public School District,Superintendent,Brian Hyde,150-A Old Barnstable Road,,Mashpee,MA,2649,508-539-1500,508-477-5805,"PK,K,01,02,03,04,05,06,07,08,09,10,11,12"Massachusetts Virtual Academy at Greenfield Commonwealth Virtual District,,39010000,Public School District,Superintendent,Carl Tillona,141 Davis Street,,Greenfield,MA,1301,413-772-1311,413-772-1379,"K,01,02,03,04,05,06,07,08,09,10,11,12"MATCH Charter Public School (District),,4690000,Charter District,Charter School Leader,Michael Larsson,1001 Commonwealth Avenue,,Boston,MA,2215,617-232-0300,617-232-2838,"06,07,08,09,10,11,12"MATCH Community Day Charter Public School (District),,4650000,Charter District,Charter School Leader,Michael Larsson,86 Wachusett Street,,Jamaica Plain,MA,2130,617-983-0300,617-983-0332,"PK,K,01,02,03,04"Mattapoisett,,1730000,Public School District,Superintendent,Douglas White,135 Marion Rd,,Mattapoisett,MA,2739,508-758-2772,508-758-2802,"PK,K,01,02,03,04,05,06"Maynard,,1740000,Public School District,Superintendent,Robert Gerardi,12 Bancroft Street,,Maynard,MA,1754,978-897-2222,978-897-4610,"PK,K,01,02,03,04,05,06,07,08,09,10,11,12"Medfield,,1750000,Public School District,Superintendent,Jeffrey Marsden,459 Main St,3rd Fl,Medfield,MA,2052,508-359-2302,508-359-9829,"PK,K,01,02,03,04,05,06,07,08,09,10,11,12"Medford,,1760000,Public School District,Superintendent,Roy Belson,489 Winthrop Street,,Medford,MA,2155,781-393-2442,781-393-2322,"PK,K,01,02,03,04,05,06,07,08,09,10,11,12"Medway,,1770000,Public School District,Superintendent,Judith Evans,45 Holliston Street,,Medway,MA,2053,508-533-3222,508-533-3226,"PK,K,01,02,03,04,05,06,07,08,09,10,11,12"Melrose,yes,1780000,Public School District,Superintendent,Cyndy Taymore,360 Lynn Fells Pkwy,,Melrose,MA,2176,781-662-2000,781-979-2285,"PK,K,01,02,03,04,05,06,07,08,09,10,11,12"Mendon (non-op),,1790000,Public School District,Superintendent,Joseph Maruszczak,"150 North Ave, POB 5",,Mendon,MA,1756,508-634-1585,508-634-1582,NAMendon-Upton,,7100000,Public School District,Superintendent,Joseph Maruszczak,150 North Ave,,Mendon,MA,1756,508-634-1585,508-634-1582,"PK,K,01,02,03,04,05,06,07,08,09,10,11,12"Merrimac (non-op),,1800000,Public School District,Superintendent,Jeffrey Mulqueen,22 Main Street,,West Newbury,MA,1985,978-363-2280,978-363-1165,NAMethuen,,1810000,Public School District,Superintendent,Judith Scannell,90 Hampshire St,,Methuen,MA,1844,978-722-6001,978-722-6002,"PK,K,01,02,03,04,05,06,07,08,09,10,11,12"Middleborough,,1820000,Public School District,Superintendent,Roseli Weiss,30 Forest Street,,Middleborough,MA,2346,508-946-2000,508-946-2004,"PK,K,01,02,03,04,05,06,07,08,09,10,11,12"Middlefield (non-op),,1830000,Public School District,Superintendent,David Hopson,12 Littleville Road,,Huntington,MA,1050,413-685-1011,413-667-8739,NAMiddleton,,1840000,Public School District,Superintendent,Bernard Creeden,28 Middleton Road,,Boxford,MA,1921,978-887-0771,978-887-8042,"PK,K,01,02,03,04,05,06"Milford,,1850000,Public School District,Superintendent,Robert Tremblay,31 West Fountain Street,,Milford,MA,1757,508-478-1101,508-478-1459,"PK,K,01,02,03,04,05,06,07,08,09,10,11,12"Millbury,,1860000,Public School District,Superintendent,Susan Hitchcock,12 Martin Street,,Millbury,MA,1527,508-865-9501,508-865-0888,"PK,K,01,02,03,04,05,06,07,08,09,10,11,12"Millis,,1870000,Public School District,Superintendent,Nancy Gustafson,245 Plain Street,Central Office,Millis,MA,2054,508-376-7000,508-376-7020,"PK,K,01,02,03,04,05,06,07,08,09,10,11,12"Millville (non-op),,1880000,Public School District,Superintendent,Perry Davis,175 Lincoln Street,,Blackstone,MA,1504,508-883-4400,508-883-9892,NAMilton,,1890000,Public School District,Superintendent,Mary Gormley,25 Gile Road,,Milton,MA,2186,617-696-4808,617-696-5099,"PK,K,01,02,03,04,05,06,07,08,09,10,11,12"Minuteman Regional Vocational Technical,,8300000,Public School District,Superintendent,Edward Bouquillon,758 Marrett Rd,,Lexington,MA,2421,781-861-6500,781-863-1747,"09,10,11,12"Mohawk Trail,,7170000,Public School District,Superintendent,Michael Buoniconti,24 Ashfield Rd,,Shelburne Falls,MA,1370,413-625-0192,413-625-0196,"PK,K,01,02,03,04,05,06,07,08,09,10,11,12"Monomoy Regional School District,,7120000,Public School District,Superintendent,Scott Carpenter,425 Crowell Rd,,Chatham,MA,2633,508-945-5130,508-945-5133,"PK,K,01,02,03,04,05,06,07,08,09,10,11,12"Monroe (non-op),,1900000,Public School District,Superintendent,Jon Lev,98 Church Street,,North Adams,MA,1247,413-664-9292,413-664-9942,NAMonson,,1910000,Public School District,Superintendent,Cheryl Clarke,P O Box 159,,Monson,MA,1057,413-267-4150,413-267-9168,"PK,K,01,02,03,04,05,06,07,08,09,10,11,12"Montachusett Regional Vocational Technical,,8320000,Public School District,Superintendent,Steven Sharek,1050 Westminster Street,,Fitchburg,MA,1420,978-345-9200,978-345-9165,"09,10,11,12"Montague (non-op),,1920000,Public School District,Superintendent,Michael Sullivan,35 Crocker Avenue,,Turners Falls,MA,1376,413-863-9324,413-863-4560,NAMonterey (non-op),,1930000,Public School District,Superintendent,David Hastings,PO Box 339,,Sheffield,MA,1257,413-229-8778,413-229-2913,NAMontgomery (non-op),,1940000,Public School District,Superintendent,David Hopson,12 Littleville Road,,Huntington,MA,1050,413-685-1011,413-667-8739,NAMount Greylock,,7150000,Public School District,Superintendent,Rose Ellis,1781 Cold Spring Rd,,Williamstown,MA,1267,413-458-9582,413-458-2856,"07,08,09,10,11,12"Mount Washington (non-op),,1950000,Public School District,Superintendent,Leslieann Furcht,118 East Street,,Mt Washington,MA,1258,413-528-2839,--,NAMystic Valley Regional Charter (District),,4700000,Charter District,Charter School Leader,Martin Trice,770 Salem Street,,Malden,MA,2148,781-388-0222,781-321-5688,"K,01,02,03,04,05,06,07,08,09,10,11,12"Nahant,yes,1960000,Public School District,Superintendent,Philip Devaux,290 Castle Road,,Nahant,MA,1908,781-581-1600,781-581-0440,"PK,K,01,02,03,04,05,06"Nantucket,,1970000,Public School District,Superintendent,William Cozort,10 Surfside Road,,Nantucket,MA,2554,508-228-7285,508-325-5318,"PK,K,01,02,03,04,05,06,07,08,09,10,11,12"Narragansett,,7200000,Public School District,Superintendent,Ruth Miller,462 Baldwinville Road,,Baldwinville,MA,1436,978-939-5661,978-939-5179,"PK,K,01,02,03,04,05,06,07,08,09,10,11,12"Nashoba,,7250000,Public School District,Superintendent,Michael Wood,50 Mechanic Street,,Bolton,MA,1740,978-779-0539,978-779-5537,"PK,K,01,02,03,04,05,06,07,08,09,10,11,12"Nashoba Valley Regional Vocational Technical,,8520000,Public School District,Superintendent,Judith Klimkiewicz,100 Littleton Road,,Westford,MA,1886,978-692-4711,978-392-0570,"09,10,11,12"Natick,,1980000,Public School District,Superintendent,Peter Sanchioni,13 East Central Street,,Natick,MA,1760,508-647-6500,508-647-6506,"PK,K,01,02,03,04,05,06,07,08,09,10,11,12"Nauset,,6600000,Public School District,Superintendent,Richard Hoffmann,78 Eldredge Pkwy,,Orleans,MA,2653,508-255-8800,508-240-2351,"06,07,08,09,10,11,12"Needham,,1990000,Public School District,Superintendent,Daniel Gutekanst,1330 Highland Avenue,,Needham,MA,2492,781-455-0400,781-455-0417,"PK,K,01,02,03,04,05,06,07,08,09,10,11,12"Neighborhood House Charter (District),,4440000,Charter District,Charter School Leader,Kate Scott,21 Queen Street,,Dorchester,MA,2122,617-825-0703,617-825-1829,"PK,K,01,02,03,04,05,06,07,08"New Ashford (non-op),,2000000,Public School District,Superintendent,Barbara Ripa,1831 STATE ROAD,,RICHMOND,MA,1254,413-698-4001,413-698-4003,NANew Bedford,,2010000,Public School District,Superintendent,Pia Durkin,455 County Street,C/O Paul Rodrigues Administration Bldg.,New Bedford,MA,2740,508-997-4511,508-997-0298,"PK,K,01,02,03,04,05,06,07,08,09,10,11,12"New Braintree (non-op),,2020000,Public School District,Superintendent,Maureen Marshall,15 Memorial Drive,,New Braintree,MA,1531,978-355-4668,--,NANew Marlborough (non-op),,2050000,Public School District,Superintendent,David Hastings,PO Box 339,,Sheffield,MA,1257,413-229-8778,413-229-2913,NANew Salem (non-op),,2060000,Public School District,Superintendent,Robert Mahler,18 Pleasant Street,,Erving,MA,1344,413-423-3337,413-423-3236,NANew Salem-Wendell,,7280000,Public School District,Superintendent,Robert Mahler,18 Pleasant Street,,Erving,MA,1344,413-423-3337,413-423-3236,"PK,K,01,02,03,04,05,06"Newbury (non-op),,2030000,Public School District,Superintendent,Christopher Farmer,112 Elm Street,,Byfield,MA,1922,978-465-2397,978-465-8599,NANewburyport,,2040000,Public School District,Superintendent,Susan Viccaro,70 Low Street,,Newburyport,MA,1950,978-465-4457,978-462-3495,"PK,K,01,02,03,04,05,06,07,08,09,10,11,12"Newton,yes,2070000,Public School District,Superintendent,David Fleishman,100 Walnut Street,,Newtonville,MA,2460,617-559-6100,617-559-6101,"PK,K,01,02,03,04,05,06,07,08,09,10,11,12"Norfolk,,2080000,Public School District,Superintendent,Ingrid Allardi,70 Boardman Street,,Norfolk,MA,2056,508-528-1225,508-528-3739,"PK,K,01,02,03,04,05,06"Norfolk County Agricultural,,9150000,Public School District,Superintendent,Suzanne Green,400 Main Street,,Walpole,MA,2081,508-668-0268,508-668-0612,"09,10,11,12"North Adams,,2090000,Public School District,Superintendent,James Montepare,191 East Main Street,Ste 1,North Adams,MA,1247,413-662-3225,413-662-3212,"PK,K,01,02,03,04,05,06,07,08,09,10,11,12"North Andover,,2110000,Public School District,Superintendent,Kevin Hutchinson,1600 Osgood Street,Suite 3-59,North Andover,MA,1845,978-794-1503,978-794-0231,"PK,K,01,02,03,04,05,06,07,08,09,10,11,12"North Attleborough,,2120000,Public School District,Superintendent,Suzan Cullen,6 Morse Street,,No. Attleborough,MA,2760,508-643-2100,508-643-2110,"PK,K,01,02,03,04,05,06,07,08,09,10,11,12"North Brookfield,,2150000,Public School District,Superintendent,John Provost,10 New School Drive,,North Brookfield,MA,1535,508-867-9821,508-867-8148,"PK,K,01,02,03,04,05,06,07,08,09,10,11,12"North Central Charter Essential (District),,4740000,Charter District,Charter School Leader,Stephanie Davolos,171 South Street,,Fitchburg,MA,1420,978-345-2701,978-345-9127,"07,08,09,10,11,12"North Middlesex,,7350000,Public School District,Superintendent,Joan Landers,45 Main Street,,Pepperell,MA,1463,978-597-8713,978-597-6534,"PK,K,01,02,03,04,05,06,07,08,09,10,11,12"North Reading,,2170000,Public School District,Superintendent,Kathleen Willis,0 Sherman Road,,North Reading,MA,1864,978-664-7810,978-664-0252,"PK,K,01,02,03,04,05,06,07,08,09,10,11,12"North Shore Regional Vocational Technical,,8540000,Public School District,Superintendent,Daniel O'Connell,30 Log Bridge Road,PO Box 806,Middleton,MA,1949,978-762-0001,978-777-8403,"09,10,11,12"Northampton,,2100000,Public School District,Superintendent,Regina Nash,212 Main Street,,Northampton,MA,1060,413-587-1315,413-587-1318,"PK,K,01,02,03,04,05,06,07,08,09,10,11,12"Northampton-Smith Vocational Agricultural,,4060000,Public School District,Superintendent,Jeffrey Peterson,80 Locust Street,,Northampton,MA,1060,413-587-1414,413-587-1405,"09,10,11,12"Northboro-Southboro,,7300000,Public School District,Superintendent,Charles Gobron,53 Parkerville Road,,Southborough,MA,1772,508-486-5115,508-486-5123,"09,10,11,12"Northborough,,2130000,Public School District,Superintendent,Charles Gobron,53 Parkerville Road,,Southborough,MA,1772,508-486-5115,508-486-5123,"PK,K,01,02,03,04,05,06,07,08"Northbridge,,2140000,Public School District,Superintendent,Nancy Spitulnik,87 Linwood Avenue,,Whitinsville,MA,1588,508-234-8156,508-234-8469,"PK,K,01,02,03,04,05,06,07,08,09,10,11,12"Northeast Metropolitan Regional Vocational Technical,,8530000,Public School District,Superintendent,Theodore Nickole,100 Hemlock Rd,,Wakefield,MA,1880,781-246-0810,781-246-4919,"09,10,11,12"Northern Berkshire Regional Vocational Technical,,8510000,Public School District,Superintendent,James Brosnan,70 Hodges Cross Rd,,North Adams,MA,1247,413-663-5383,413-664-9424,"09,10,11,12"Northfield (non-op),,2160000,Public School District,Superintendent,Dayle Doiron,97 F Sumner Turner Rd,,Northfield,MA,1360,413-498-2911,413-498-0045,NANorton,,2180000,Public School District,Superintendent,Joseph Baeta,64 West Main Street,,Norton,MA,2766,508-285-0100,508-285-0199,"PK,K,01,02,03,04,05,06,07,08,09,10,11,12"Norwell,,2190000,Public School District,Superintendent,Matthew Keegan,322 Main Street,,Norwell,MA,2061,781-659-8800,781-659-8805,"PK,K,01,02,03,04,05,06,07,08,09,10,11,12"Norwood,,2200000,Public School District,Superintendent,James Hayden,275 Prospect Street,PO BOX 67,Norwood,MA,2062,781-762-6804,781-762-0229,"PK,K,01,02,03,04,05,06,07,08,09,10,11,12"Oak Bluffs,,2210000,Public School District,Superintendent,James Weiss,4 Pine Street,,Vineyard Haven,MA,2568,508-693-2007,508-693-3190,"PK,K,01,02,03,04,05,06,07,08"Oakham (non-op),,2220000,Public School District,Superintendent,Maureen Marshall,1 Deacon Allen Drive,PO Box 99,Oakham,MA,1068,978-355-4668,--,NAOld Colony Regional Vocational Technical,,8550000,Public School District,Superintendent,Gary Brown,476 North Avenue,,Rochester,MA,2770,508-763-8011,508-763-9821,"09,10,11,12"Old Rochester,,7400000,Public School District,Superintendent,Douglas White,135 Marion Rd,,Mattapoisett,MA,2739,508-758-2772,508-758-2802,"07,08,09,10,11,12"Orange,,2230000,Public School District,Superintendent,Tari Thomas,507 S. Main Street,,Orange,MA,1364,978-544-2920,978-544-8383,"PK,K,01,02,03,04,05,06"Orleans,,2240000,Public School District,Superintendent,Richard Hoffmann,78 Eldredge Pkwy,,Orleans,MA,2653,508-255-8800,508-240-2351,"K,01,02,03,04,05"Otis (non-op),,2250000,Public School District,Superintendent,Joanne Austin,"555 N Main, POB 679",,Otis,MA,1253,413-269-4466,413-269-7659,NAOxford,,2260000,Public School District,Superintendent,Allen Himmelberger,4 Maple Road,,Oxford,MA,1540,508-987-6050,508-987-6054,"PK,K,01,02,03,04,05,06,07,08,09,10,11,12"Palmer,,2270000,Public School District,Superintendent,Thomas Charko,24 Converse Street,c/o Suite 1,Palmer,MA,1069,413-283-2650,413-283-2655,"PK,K,01,02,03,04,05,06,07,08,09,10,11,12"Pathfinder Regional Vocational Technical,,8600000,Public School District,Superintendent,Gerald Paist,240 Sykes Street,,Palmer,MA,1069,413-283-9701,413-284-0032,"09,10,11,12"Paulo Freire Social Justice Charter School (District),,35010000,Charter District,Charter School Leader,Bob Brick,161 Lower Westfield ROad,,Holyoke,MA,1040,413-536-3201,413-536-3206,"09,10"Paxton (non-op),,2280000,Public School District,Superintendent,Thomas Pandiscio,1745 Main Street,,Jefferson,MA,1522,508-829-1670,508-829-1680,NAPeabody,,2290000,Public School District,Superintendent,Joseph Mastrocola,21 Johnson Street,,Peabody,MA,1960,978-536-6500,978-536-6590,"PK,K,01,02,03,04,05,06,07,08,09,10,11,12"Pelham,,2300000,Public School District,Superintendent,Maria Geryk,170 Chestnut Street,Business Office,Amherst,MA,1002,413-362-1810,413-549-6108,"K,01,02,03,04,05,06"Pembroke,,2310000,Public School District,Superintendent,Frank Hackett,72 Pilgrim Road,Office of the Superintendent,Pembroke,MA,2359,781-829-1178,781-826-1182,"PK,K,01,02,03,04,05,06,07,08,09,10,11,12"Pentucket,,7450000,Public School District,Superintendent,Jeffrey Mulqueen,22 Main Street,,West Newbury,MA,1985,978-363-2280,978-363-1165,"PK,K,01,02,03,04,05,06,07,08,09,10,11,12"Pepperell (non-op),,2320000,Public School District,Superintendent,Maureen Marshall,23 Main Street,,Townsend,MA,1469,978-597-8713,978-597-6534,NAPeru (non-op),,2330000,Public School District,Superintendent,William Cameron,PO Box 299,,Dalton,MA,1227,413-684-0320,413-684-4088,NAPetersham,,2340000,Public School District,Superintendent,Tari Thomas,P O Box 148,,Petersham,MA,1366,978-724-3363,978-724-6687,"K,01,02,03,04,05,06"Phillipston (non-op),,2350000,Public School District,Superintendent,Ruth Miller,462 Baldwinville Road,,Baldwinville,MA,1436,978-939-5661,978-939-5179,NAPhoenix Charter Academy (District),,4930000,Charter District,Charter School Leader,Beth Anderson,59 Nichols St,,Chelsea,MA,2150,617-889-3100,617-889-3144,"09,10,11,12"Pioneer Charter School of Science (District),,4940000,Charter District,Charter School Leader,Barish Icin,51-59 Summer Street,,Everett,MA,2149,617-389-7277,617-389-7278,"07,08,09,10,11,12"Pioneer Charter School of Science II (PCSS-II) (District),,35060000,Charter District,Charter School Leader,Barish Icin,51 Summer Street,,Everett,MA,2149,617-389-7277,--,"07,08,09"Pioneer Valley,,7500000,Public School District,Superintendent,Dayle Doiron,97 F Sumner Turner Rd,,Northfield,MA,1360,413-498-2911,413-498-0045,"PK,K,01,02,03,04,05,06,07,08,09,10,11,12"Pioneer Valley Chinese Immersion Charter(District),,4970000,Charter District,Charter School Leader,Kathleen Wang,317 Russell Street,,Hadley,MA,1035,413-582-7040,413-582-7068,"K,01,02,03,04,05,06,07,08,09"Pioneer Valley Performing Arts Charter Public (District),,4790000,Charter District,Charter School Leader,Scott Goldman,15 Mulligan Drive,,South Hadley,MA,1075,413-552-1580,413-552-1594,"07,08,09,10,11,12"Pittsfield,,2360000,Public School District,Superintendent,Jason Mccandless,269 First Street,,Pittsfield,MA,1201,413-499-9512,413-448-2643,"PK,K,01,02,03,04,05,06,07,08,09,10,11,12"Plainfield (non-op),,2370000,Public School District,Superintendent,Michael Buoniconti,24 Ashfield Rd,,Shelburne Falls,MA,1370,413-625-0192,413-625-0196,NAPlainville,,2380000,Public School District,Superintendent,David Raiche,68 Messenger Street,,Plainville,MA,2762,508-699-1300,508-699-1302,"PK,K,01,02,03,04,05,06"Plymouth,,2390000,Public School District,Superintendent,Gary Maestas,253 South Meadow Rd,,Plymouth,MA,2360,508-830-4300,508-746-1873,"PK,K,01,02,03,04,05,06,07,08,09,10,11,12"Plympton,,2400000,Public School District,Superintendent,John Tuffy,250 Pembroke Street,,Kingston,MA,2364,781-585-4313,781-585-2994,"K,01,02,03,04,05,06"Princeton (non-op),,2410000,Public School District,Superintendent,Thomas Pandiscio,1745 Main Street,,Jefferson,MA,1522,508-829-1670,508-829-1680,NAProspect Hill Academy Charter (District),,4870000,Charter District,Charter School Leader,Michael O'Donnell,50 Essex Street,,Cambridge,MA,2139,617-284-7800,617-284-7980,"K,01,02,03,04,05,06,07,08,09,10,11,12"Provincetown,,2420000,Public School District,Superintendent,Beth Singer,12 Winslow Street,,Provincetown,MA,2657,508-487-5000,508-487-5098,"PK,K,01,02,03,04,05,06,07,08"Quabbin,,7530000,Public School District,Superintendent,Maureen Marshall,872 South Street,,Barre,MA,1005,978-355-4668,978-355-6756,"PK,K,01,02,03,04,05,06,07,08,09,10,11,12"Quaboag Regional,,7780000,Public School District,Superintendent,Brett Kustigian,284 Old West Brookfield Road,PO Box 1538,Warren,MA,1083,413-436-9256,413-436-9738,"PK,K,01,02,03,04,05,06,07,08,09,10,11,12"Quincy,yes,2430000,Public School District,Superintendent,Richard Decristofaro,159 Burgin Parkway,,Quincy,MA,2169,617-984-8700,617-984-8965,"PK,K,01,02,03,04,05,06,07,08,09,10,11,12"Ralph C Mahar,,7550000,Public School District,Superintendent,Tari Thomas,507 South Main Street,,Orange,MA,1364,978-544-2920,978-544-8383,"07,08,09,10,11,12"Randolph,,2440000,Public School District,Superintendent,Steven Moore,40 Highland Avenue,,Randolph,MA,2368,781-961-6205,781-961-6295,"PK,K,01,02,03,04,05,06,07,08,09,10,11,12"Raynham (non-op),,2450000,Public School District,Superintendent,Jacqueline Forbes,166 Mt. Prospect Street,,Bridgewater,MA,2324,508-279-2140,508-697-7012,NAReading,,2460000,Public School District,Superintendent,John Doherty,82 Oakland Road,,Reading,MA,1867,781-944-5800,781-942-9149,"PK,K,01,02,03,04,05,06,07,08,09,10,11,12"Rehoboth (non-op),,2470000,Public School District,Superintendent,Jennifer Elineema,2700 Regional Road,,North Dighton,MA,2764,508-252-5000,508-252-5024,NARevere,yes,2480000,Public School District,Superintendent,Paul Dakin,101 School Street,,Revere,MA,2151,781-286-8226,781-286-8221,"PK,K,01,02,03,04,05,06,07,08,09,10,11,12"Richmond,,2490000,Public School District,Superintendent,Barbara Ripa,1831 State Road,,Richmond,MA,1254,413-698-2207,413-698-4003,"PK,K,01,02,03,04,05,06,07,08"Rising Tide Charter Public (District),,4830000,Charter District,Charter School Leader,Jill Crafts,6 Resnik Road,,Plymouth,MA,2360,508-747-2620,508-830-9441,"05,06,07,08,09,10,11"River Valley Charter (District),,4820000,Charter District,Charter School Leader,Andrew Willemsen,2 Perry Way,,Newburyport,MA,1950,978-465-0065,978-465-0119,"K,01,02,03,04,05,06,07,08"Rochester,,2500000,Public School District,Superintendent,Douglas White,135 Marion Rd,,Mattapoisett,MA,2739,508-758-2772,508-758-2802,"PK,K,01,02,03,04,05,06"Rockland,,2510000,Public School District,Superintendent,John Retchless,34 MacKinlay Way,,Rockland,MA,2370,781-878-3893,781-982-1483,"PK,K,01,02,03,04,05,06,07,08,09,10,11,12"Rockport,,2520000,Public School District,Superintendent,Robert Liebow,24 Jerdens Lane,c/o Rockport Public Schools,Rockport,MA,1966,978-546-1200,978-546-1205,"PK,K,01,02,03,04,05,06,07,08,09,10,11,12"Rowe,,2530000,Public School District,Superintendent,Michael Buoniconti,24 Ashfield Rd,,Shelburne Falls,MA,1370,413-625-0192,413-625-0196,"PK,K,01,02,03,04,05,06"Rowley (non-op),,2540000,Public School District,Superintendent,Christopher Farmer,112 Elm Street,,Byfield,MA,1922,978-465-2397,978-465-8599,NARoxbury Preparatory Charter (District),,4840000,Charter District,Charter School Leader,Will Austin,120 Fisher Avenue,,Roxbury,MA,2120,617-566-2361,617-566-2373,"05,06,07,08"Royalston (non-op),,2550000,Public School District,Superintendent,Anthony Polito,250 South Main Street,,Athol,MA,1331,978-249-2400,978-249-2402,NARussell (non-op),,2560000,Public School District,Superintendent,David Hopson,12 Littleville Road,,Huntington,MA,1050,413-685-1011,413-667-8739,NARutland (non-op),,2570000,Public School District,Superintendent,Thomas Pandiscio,1745 Main Street,,Jefferson,MA,1522,508-829-1670,508-829-1680,NASabis International Charter (District),,4410000,Charter District,Charter School Leader,Karen Reuter,160 Joan Street,,Springfield,MA,1129,413-783-2600,413-783-2555,"K,01,02,03,04,05,06,07,08,09,10,11,12"Salem,,2580000,Public School District,Superintendent,Stephen Russell,29 Highland Avenue,,Salem,MA,1970,978-740-1212,978-740-3083,"PK,K,01,02,03,04,05,06,07,08,09,10,11,12"Salem Academy Charter (District),,4850000,Charter District,Charter School Leader,Sean O'Neil,45 Congress Street,c/o Shetland Pk,Salem,MA,1970,978-744-2105,978-744-7246,"06,07,08,09,10,11,12"Salem Community Charter School (District),,4670000,Charter District,Charter School Leader,Jessica Yurwitz,1 Museum Place Mall,Suite 121,Salem,MA,1970,978-825-3470,978-825-3475,"09,10,11,12"Salisbury (non-op),,2590000,Public School District,Superintendent,Christopher Farmer,112 Elm Street,,Byfield,MA,1922,978-465-2397,978-465-8599,NASandisfield (non-op),,2600000,Public School District,Superintendent,Joanne Austin,"555 N Main, POB 679",,Otis,MA,1253,413-269-4466,413-269-7659,NASandwich,,2610000,Public School District,Superintendent,Richard Canfield,260 Quaker Meetinghouse Road,,East Sandwich,MA,2537,508-888-1054,508-888-9505,"PK,K,01,02,03,04,05,06,07,08,09,10,11,12"Saugus,yes,2620000,Public School District,Superintendent,Michael Tempesta,23 Main Street,,Saugus,MA,1906,781-231-5000,781-233-9424,"PK,K,01,02,03,04,05,06,07,08,09,10,11,12"Savoy,,2630000,Public School District,Superintendent,Jon Lev,26 Chapel Road,,Savoy,MA,1256,413-743-1992,413-743-1114,"PK,K,01,02,03,04,05"Scituate,,2640000,Public School District,Superintendent,John McCarthy,606 C J Cushing Hwy,,Scituate,MA,2066,781-545-8759,781-545-6291,"PK,K,01,02,03,04,05,06,07,08,09,10,11,12"Seekonk,,2650000,Public School District,Superintendent,Arlene Bosco,25 Water Lane,,Seekonk,MA,2771,508-399-5106,508-399-5128,"PK,K,01,02,03,04,05,06,07,08,09,10,11,12"Seven Hills Charter Public (District),,4860000,Charter District,Charter School Leader,Krista Piazza,51 Gage Street,,Worcester,MA,1605,508-799-7500,508-753-9679,"K,01,02,03,04,05,06,07,08"Sharon,,2660000,Public School District,Superintendent,Timothy Farmer,75 Mountain Street,,Sharon,MA,2067,781-784-1570,781-784-1573,"PK,K,01,02,03,04,05,06,07,08,09,10,11,12"Shawsheen Valley Regional Vocational Technical,,8710000,Public School District,Superintendent,Charles Lyons,100 Cook Street,,Billerica,MA,1821,978-667-2111,978-663-6272,"09,10,11,12"Sheffield (non-op),,2670000,Public School District,Superintendent,David Hastings,491 Berkshire School Road,P. O. Box 339,Sheffield,MA,1257,413-229-8778,413-229-2913,NAShelburne (non-op),,2680000,Public School District,Superintendent,Michael Buoniconti,24 Ashfield Rd,,Shelburne Falls,MA,1370,413-625-0192,413-625-0196,NASherborn,,2690000,Public School District,Superintendent,Steven Bliss,157 Farm Street,,Dover,MA,2030,508-785-0036,508-785-2239,"PK,K,01,02,03,04,05"Shirley (non-op),,2700000,Public School District,Superintendent,Malcolm Reid,34 Lancaster Rd,,Shirley,MA,1464,978-425-2630,978-425-0766,NAShrewsbury,,2710000,Public School District,Superintendent,Joseph Sawyer,100 Maple Avenue,,Shrewsbury,MA,1545,508-841-8400,508-841-8490,"PK,K,01,02,03,04,05,06,07,08,09,10,11,12"Shutesbury,,2720000,Public School District,Superintendent,Robert Mahler,18 Pleasant Street,,Erving,MA,1344,413-423-3337,413-423-3236,"PK,K,01,02,03,04,05,06"Silver Hill Horace Mann Charter (District),,4770000,Charter District,Charter School Leader,Margaret Shepherd,675 Washington Street,,Haverhill,MA,1832,978-374-3448,978-374-3461,"K,01,02,03,04,05"Silver Lake,,7600000,Public School District,Superintendent,John Tuffy,250 Pembroke Street,,Kingston,MA,2364,781-585-4313,781-585-2994,"PK,07,08,09,10,11,12"Smith Leadership Academy Charter Public (District),,4190000,Charter District,Charter School Leader,Karmala Sherwood,23 Leonard Street,,Boston,MA,2122,617-474-7950,617-474-7957,"06,07,08"Somerset,,2730000,Public School District,Superintendent,Richard Medeiros,580 Whetstone Hill Road,,Somerset,MA,2726,508-324-3100,508-324-3104,"PK,K,01,02,03,04,05,06,07,08"Somerset Berkley Regional School District,,7630000,Public School District,Superintendent,Thomas Lynch,580 Whetstone Hill,,Somerset,MA,2726,508-324-3100,508-324-3104,"09,10,11,12"Somerville,,2740000,Public School District,Superintendent,Anthony Pierantozzi,42 Cross Street,,Somerville,MA,2145,617-625-6600,617-591-7902,"PK,K,01,02,03,04,05,06,07,08,09,10,11,12"South Hadley,,2780000,Public School District,Superintendent,Nicholas Young,116 Main Street,,South Hadley,MA,1075,413-538-5060,413-532-6284,"PK,K,01,02,03,04,05,06,07,08,09,10,11,12"South Middlesex Regional Vocational Technical,,8290000,Public School District,Superintendent,Jonathan Evans,750 Winter Street,,Framingham,MA,1702,508-416-2250,508-416-2342,"09,10,11,12"South Shore Charter Public (District),,4880000,Charter District,Charter School Leader,Alicia Savage,100 Longwater Circle,,Norwell,MA,2061,781-982-4202,781-982-4201,"K,01,02,03,04,05,06,07,08,09,10,11,12"South Shore Regional Vocational Technical,,8730000,Public School District,Superintendent,Thomas Hickey,476 Webster Street,,Hanover,MA,2339,781-878-8822,781-982-0281,"09,10,11,12"Southampton,,2750000,Public School District,Superintendent,Craig Jurgensen,19 Stage Rd,,Westhampton,MA,1027,413-527-7200,413-529-9497,"PK,K,01,02,03,04,05,06"Southborough,,2760000,Public School District,Superintendent,Charles Gobron,53 Parkerville Road,,Southborough,MA,1772,508-486-5115,508-486-5123,"PK,K,01,02,03,04,05,06,07,08"Southbridge,,2770000,Public School District,Superintendent,Basan Nembirkow,25 Cole Avenue,,Southbridge,MA,1550,508-764-5414,508-764-8325,"PK,K,01,02,03,04,05,06,07,08,09,10,11,12"Southeastern Regional Vocational Technical,,8720000,Public School District,Superintendent,Luis Lopes,250 Foundry Street,,South Easton,MA,2375,508-230-1200,508-230-1563,"09,10,11,12"Southern Berkshire,,7650000,Public School District,Superintendent,David Hastings,PO BOX 339,,Sheffield,MA,1257,413-229-8778,413-229-2913,"PK,K,01,02,03,04,05,06,07,08,09,10,11,12"Southern Worcester County Regional Vocational Technical,,8760000,Public School District,Superintendent,John LaFleche,57 Old Muggett Hill Road,,Charlton,MA,1507,508-248-5971,508-248-4747,"09,10,11,12"Southfield (non-op),,3530000,Public School District,Superintendent,Kevin Donovan,223 Shea Memorial Drive,c/o South Shore Tri-Town Development Corporation,South Weymouth,MA,2190,781-682-2187,--,NASouthwick (non-op),,2790000,Public School District,Superintendent,John Barry,86 Powder Mill Road,,Southwick,MA,1077,413-569-5391,413-569-1711,NASouthwick-Tolland-Granville Regional School District,,7660000,Public School District,Superintendent,John Barry,86 Powder Mill Road,,Southwick,MA,1077,413-569-5391,413-569-1711,"PK,K,01,02,03,04,05,06,07,08,09,10,11,12"Spencer (non-op),,2800000,Public School District,Superintendent,Edward Malvey,306 Main Street,,Spencer,MA,1562,508-885-8500,508-885-8504,NASpencer-E Brookfield,,7670000,Public School District,Superintendent,Edward Malvey,306 Main Street,,Spencer,MA,1562,508-885-8500,508-885-8504,"PK,K,01,02,03,04,05,06,07,08,09,10,11,12"Spirit of Knowledge Charter School (District),,4760000,Charter District,Charter School Leader,Paula Bailey,PO Box 20925,,Worcester,MA,1602,508-252-7321,508-562-4552,"07,08,09,10,11,12"Springfield,,2810000,Public School District,Superintendent,Daniel Warwick,1550 Main Street,PO Box 1410,Springfield,MA,1103,413-787-7100,413-787-7171,"PK,K,01,02,03,04,05,06,07,08,09,10,11,12"Sterling (non-op),,2820000,Public School District,Superintendent,Thomas Pandiscio,1745 Main Street,,Jefferson,MA,1522,508-829-1670,508-829-1680,NAStockbridge (non-op),,2830000,Public School District,Superintendent,Peter Dillon,207 Pleasant Street,PO Box 596,Housatonic,MA,1236,413-274-6400,--,NAStoneham,,2840000,Public School District,Superintendent,Les Olson,149 Franklin Street,,Stoneham,MA,2180,781-279-3802,781-279-3818,"PK,K,01,02,03,04,05,06,07,08,09,10,11,12"Stoughton,,2850000,Public School District,Superintendent,Marguerite Rizzi,232 Pearl Street,,Stoughton,MA,2072,781-344-4000,781-344-6417,"PK,K,01,02,03,04,05,06,07,08,09,10,11,12"Stow (non-op),,2860000,Public School District,Superintendent,Michael Wood,50 Mechanic Street,,Bolton,MA,1740,978-779-0539,978-779-6812,NASturbridge,,2870000,Public School District,Superintendent,Erin Nosek,320 Brookfield Rd,,Fiskdale,MA,1518,508-347-3077,508-347-2697,"PK,K,01,02,03,04,05,06"Sturgis Charter Public (District),,4890000,Charter District,Charter School Leader,Eric Hieser,427 Main Street,,Hyannis,MA,2601,508-778-1782,508-771-6785,"09,10,11,12"Sudbury,,2880000,Public School District,Superintendent,Anne Wilson,40 Fairbank Road,,Sudbury,MA,1776,978-639-3211,978-443-9001,"PK,K,01,02,03,04,05,06,07,08"Sunderland,,2890000,Public School District,Superintendent,Martha Barrett,219 Christian Ln RFD1,,South Deerfield,MA,1373,413-665-1155,413-665-8506,"PK,K,01,02,03,04,05,06"Sutton,,2900000,Public School District,Superintendent,Theodore Friend,383 Boston Rd,,Sutton,MA,1590,508-581-1600,508-865-6463,"PK,K,01,02,03,04,05,06,07,08,09,10,11,12"Swampscott,,2910000,Public School District,Superintendent,Pamela Angelakis,207 Forest Avenue,,Swampscott,MA,1907,781-596-8800,781-599-2502,"PK,K,01,02,03,04,05,06,07,08,09,10,11,12"Swansea,,2920000,Public School District,Superintendent,Robert Monteiro,1 Gardners Neck Road,,Swansea,MA,2777,508-675-1195,508-672-1040,"PK,K,01,02,03,04,05,06,07,08,09,10,11,12"Tantasqua,,7700000,Public School District,Superintendent,Erin Nosek,320A Brookfield Rd,,Fiskdale,MA,1518,508-347-3077,508-347-2697,"07,08,09,10,11,12"Taunton,,2930000,Public School District,Superintendent,Julie Hackett,215 Harris Street,,Taunton,MA,2780,508-821-1201,508-821-1177,"PK,K,01,02,03,04,05,06,07,08,09,10,11,12"Templeton (non-op),,2940000,Public School District,Superintendent,Ruth Miller,462 Baldwinville Road,,Baldwinville,MA,1436,978-939-5661,978-939-5179,NATewksbury,,2950000,Public School District,Superintendent,John O'Connor,139 Pleasant Street,,Tewksbury,MA,1876,978-640-7800,978-640-7804,"PK,K,01,02,03,04,05,06,07,08,09,10,11,12"Tisbury,,2960000,Public School District,Superintendent,James Weiss,4 Pine Street,,Vineyard Haven,MA,2568,508-693-2007,508-693-3190,"PK,K,01,02,03,04,05,06,07,08"Tolland (non-op),,2970000,Public School District,Superintendent,John Barry,86 Powder Mill Road,,Southwick,MA,1077,413-569-5391,413-569-1711,NATopsfield,,2980000,Public School District,Superintendent,Bernard Creeden,28 Middleton Road,,Boxford,MA,1921,978-887-0771,978-887-8042,"PK,K,01,02,03,04,05,06"Townsend (non-op),,2990000,Public School District,Superintendent,Maureen Marshall,23 Main Street,,Townsend,MA,1469,978-597-8713,978-597-6534,NATri County Regional Vocational Technical,,8780000,Public School District,Superintendent,Stephen Dockray,147 Pond Street,,Franklin,MA,2038,508-528-5400,508-528-6074,"09,10,11,12"Triton,,7730000,Public School District,Superintendent,Christopher Farmer,112 Elm Street,,Byfield,MA,1922,978-465-2397,978-465-8599,"PK,K,01,02,03,04,05,06,07,08,09,10,11,12"Truro,,3000000,Public School District,Superintendent,Brian Davis,P O Box 2029,,Truro,MA,2666,508-487-1558,508-487-4289,"PK,K,01,02,03,04,05,06"Tyngsborough,,3010000,Public School District,Superintendent,Donald Ciampa,50 Norris Rd,,Tyngsborough,MA,1879,978-649-7488,978-649-7199,"PK,K,01,02,03,04,05,06,07,08,09,10,11,12"Tyringham (non-op),,3020000,Public School District,Superintendent,Jason McCandless,"480 Pleasant Street, Suite 102",,Lee,MA,1238,413-243-0276,--,NAUP Academy Charter School of Boston (District),,4800000,Charter District,Charter School Leader,James Morrison,215 Dorchester Street,,Boston,MA,2127,617-635-8819,--,"06,07,08"UP Academy Charter School of Dorchester (District),,35050000,Charter District,Charter School Leader,Lana Ewing,35 Westville Street,,Boston,MA,2124,617-635-8810,--,"PK,K,01,02,03,04,05"Up-Island Regional,,7740000,Public School District,Superintendent,James Weiss,4 Pine Street,,Vineyard Haven,MA,2568,508-693-2007,508-693-3190,"PK,K,01,02,03,04,05,06,07,08"Upper Cape Cod Regional Vocational Technical,,8790000,Public School District,Superintendent,Robert Dutch,220 Sandwich Rd,,Bourne,MA,2532,508-759-7711,508-759-7208,"09,10,11,12"Upton (non-op),,3030000,Public School District,Superintendent,Joseph Maruszczak,"150 North Ave, POB 5",,Mendon,MA,1756,508-634-1585,508-634-1582,NAUxbridge,,3040000,Public School District,Superintendent,Kevin Carney,21 South Main Street,,Uxbridge,MA,1569,508-278-8648,508-278-8612,"PK,K,01,02,03,04,05,06,07,08,09,10,11,12"Veritas Preparatory Charter School (District),,4980000,Charter District,Charter School Leader,Rachel Romano,370 Pine Street,,Springfield,MA,1105,413-539-0055,--,"05,06"Wachusett,,7750000,Public School District,Superintendent,Anthony Gasbarro,1745 Main Street,c/o Jefferson School,Jefferson,MA,1522,508-829-1670,508-829-1680,"PK,K,01,02,03,04,05,06,07,08,09,10,11,12"Wakefield,yes,3050000,Public School District,Superintendent,Stephen Zrike,60 Farm Street,,Wakefield,MA,1880,781-246-6400,781-245-9164,"PK,K,01,02,03,04,05,06,07,08,09,10,11,12"Wales,,3060000,Public School District,Superintendent,Erin Nosek,320 Brookfield Rd,,Fiskdale,MA,1518,508-347-3077,508-347-2697,"PK,K,01,02,03,04,05,06"Walpole,,3070000,Public School District,Superintendent,Lincoln Lynch,135 School Street,,Walpole,MA,2081,508-660-7200,508-668-1167,"PK,K,01,02,03,04,05,06,07,08,09,10,11,12"Waltham,yes,3080000,Public School District,Superintendent,Susan Nicholson,617 Lexington Street,,Waltham,MA,2452,781-314-5400,781-314-5411,"PK,K,01,02,03,04,05,06,07,08,09,10,11,12"Ware,,3090000,Public School District,Superintendent,Mary Elizabeth Beach,P O Box 240,,Ware,MA,1082,413-967-4271,413-967-9580,"PK,K,01,02,03,04,05,06,07,08,09,10,11,12"Wareham,,3100000,Public School District,Superintendent,Kimberly Shaver-Hood,48 Marion Road,,Wareham,MA,2571,508-291-3500,508-291-3578,"PK,K,01,02,03,04,05,06,07,08,09,10,11,12"Warren (non-op),,3110000,Public School District,Superintendent,Brett Kustigian,284 Old West Brookfield Road,PO Box 1538,Warren,MA,1083,413-436-9256,413-436-9738,NAWarwick (non-op),,3120000,Public School District,Superintendent,Dayle Doiron,97 F Sumner Turner Rd,,Northfield,MA,1360,413-498-2911,413-498-0045,NAWashington (non-op),,3130000,Public School District,Superintendent,William Cameron,PO Box 299,,Dalton,MA,1227,413-684-0320,413-684-4088,NAWatertown,yes,3140000,Public School District,Superintendent,Jean Fitzgerald,30 Common Street,,Watertown,MA,2472,617-926-7700,617-923-1234,"PK,K,01,02,03,04,05,06,07,08,09,10,11,12"Wayland,,3150000,Public School District,Superintendent,Paul Stein,41 Cochituate Rd,,Wayland,MA,1778,508-358-3774,508-358-7708,"PK,K,01,02,03,04,05,06,07,08,09,10,11,12"Webster,,3160000,Public School District,Superintendent,Barbara Malkas,PO Box 430,,Webster,MA,1570,508-943-0104,508-943-0315,"PK,K,01,02,03,04,05,06,07,08,09,10,11,12"Wellesley,yes,3170000,Public School District,Superintendent,David Lussier,40 Kingsbury Street,,Wellesley,MA,2481,781-446-6210,781-446-6207,"PK,K,01,02,03,04,05,06,07,08,09,10,11,12"Wellfleet,,3180000,Public School District,Superintendent,Richard Hoffmann,78 Eldredge Pkwy,,Orleans,MA,2653,508-255-8800,508-240-2351,"PK,K,01,02,03,04,05"Wendell (non-op),,3190000,Public School District,Superintendent,Robert Mahler,18 Pleasant Street,,Erving,MA,1344,413-423-3337,413-423-3236,NAWenham (non-op),,3200000,Public School District,Superintendent,Michael Harvey,5 School Street,,Wenham,MA,1984,978-468-5310,978-468-7889,NAWest Boylston,,3220000,Public School District,Superintendent,Elizabeth Schaper,125 Crescent Street,,West Boylston,MA,1583,508-835-2917,508-835-8992,"PK,K,01,02,03,04,05,06,07,08,09,10,11,12"West Bridgewater,,3230000,Public School District,Superintendent,Patricia Oakley,2 Spring Street,,West Bridgewater,MA,2379,508-894-1230,508-894-1232,"PK,K,01,02,03,04,05,06,07,08,09,10,11,12"West Brookfield (non-op),,3240000,Public School District,Superintendent,Brett Kustigian,48 High Street,PO Box 1538,Warren,MA,1083,413-436-9256,413-436-9738,NAWest Newbury (non-op),,3290000,Public School District,Superintendent,Jeffrey Mulqueen,22 Main Street,,West Newbury,MA,1985,978-363-2280,978-363-1165,NAWest Springfield,,3320000,Public School District,Superintendent,Russell Johnston,26 Central Street,,West Springfield,MA,1089,413-263-3300,413-495-1725,"PK,K,01,02,03,04,05,06,07,08,09,10,11,12"West Stockbridge (non-op),,3330000,Public School District,Superintendent,Peter Dillon,207 Pleasant Street,PO Box 596,Housatonic,MA,1236,413-274-6400,--,NAWest Tisbury (non-op),,3340000,Public School District,Superintendent,James Weiss,4 Pine Street,,Vineyard Haven,MA,2568,508-693-2007,508-693-3190,NAWestborough,,3210000,Public School District,Superintendent,Marianne O'Connor,45 West Main Street,,Westborough,MA,1581,508-836-7700,508-836-7704,"PK,K,01,02,03,04,05,06,07,08,09,10,11,12"Westfield,,3250000,Public School District,Superintendent,Suzanne Scallion,1029 North Road,c/o 22-23 Hampton Ponds Plaza,Westfield,MA,1085,413-572-6403,413-535-0353,"PK,K,01,02,03,04,05,06,07,08,09,10,11,12"Westford,,3260000,Public School District,Superintendent,Everett Olsen,23 Depot Street,,Westford,MA,1886,978-692-5560,978-392-4497,"PK,K,01,02,03,04,05,06,07,08,09,10,11,12"Westhampton,,3270000,Public School District,Superintendent,Craig Jurgensen,19 Stage Rd,,Westhampton,MA,1027,413-527-7200,413-529-9497,"PK,K,01,02,03,04,05,06"Westminster (non-op),,3280000,Public School District,Superintendent,Ralph Hicks,11 Oakmont Drive,,Ashburnham,MA,1430,978-827-1434,978-827-5969,NAWeston,,3300000,Public School District,Superintendent,Cheryl Maloney,89 Wellesley Street,,Weston,MA,2493,781-786-5210,781-786-5209,"PK,K,01,02,03,04,05,06,07,08,09,10,11,12"Westport,,3310000,Public School District,Superintendent,Ann Marie Dargon,17 Main Rd,,Westport,MA,2790,508-636-1140,508-636-1146,"PK,K,01,02,03,04,05,06,07,08,09,10,11,12"Westwood,,3350000,Public School District,Superintendent,John Antonucci,220 Nahatan Street,,Westwood,MA,2090,781-326-7500,781-326-8154,"PK,K,01,02,03,04,05,06,07,08,09,10,11,12"Weymouth,,3360000,Public School District,Superintendent,Kenneth Salim,111 Middle Street,,Weymouth,MA,2189,781-335-1460,781-335-8777,"PK,K,01,02,03,04,05,06,07,08,09,10,11,12"Whately,,3370000,Public School District,Superintendent,Martha Barrett,219 Christian Ln RFD1,,South Deerfield,MA,1373,413-665-1155,413-665-8506,"PK,K,01,02,03,04,05,06"Whitman (non-op),,3380000,Public School District,Superintendent,Ruth Gilbert-Whitner,610 Franklin Street,,Whitman,MA,2382,781-618-7412,781-618-7412,NAWhitman-Hanson,,7800000,Public School District,Superintendent,Ruth Gilbert-Whitner,610 Franklin Street,,Whitman,MA,2382,781-618-7412,781-618-7498,"PK,K,01,02,03,04,05,06,07,08,09,10,11,12"Whittier Regional Vocational Technical,,8850000,Public School District,Superintendent,William DeRosa,115 Amesbury Line Rd,,Haverhill,MA,1830,978-373-4101,978-521-0260,"09,10,11,12"Wilbraham (non-op),,3390000,Public School District,Superintendent,Maurice O'Shea,621 Main Street,,Wilbraham,MA,1095,413-596-3884,413-599-1328,NAWilliamsburg,,3400000,Public School District,Superintendent,Craig Jurgensen,19 Stage Rd,,Westhampton,MA,1027,413-527-7200,413-529-9497,"PK,K,01,02,03,04,05,06"Williamstown,,3410000,Public School District,Superintendent,Rose Ellis,1781 Cold Spring Road,,Williamstown,MA,1267,413-458-9582,413-458-2856,"PK,K,01,02,03,04,05,06"Wilmington,,3420000,Public School District,Superintendent,Joanne Benton,161 Church Street,,Wilmington,MA,1887,978-694-6000,978-694-6005,"PK,K,01,02,03,04,05,06,07,08,09,10,11,12"Winchendon,,3430000,Public School District,Superintendent,Salah Khelfaoui,175 Grove Street,,Winchendon,MA,1475,978-297-0031,978-297-5250,"PK,K,01,02,03,04,05,06,07,08,09,10,11,12"Winchester,yes,3440000,Public School District,Superintendent,William McAlduff,40 Samoset Road,,Winchester,MA,1890,781-721-7004,781-721-0016,"PK,K,01,02,03,04,05,06,07,08,09,10,11,12"Windsor (non-op),,3450000,Public School District,Superintendent,William Cameron,PO Box 299,,Dalton,MA,1227,413-684-0320,413-684-4088,NAWinthrop,,3460000,Public School District,Superintendent,John Macero,1 Metcalf Square,,Winthrop,MA,2152,617-846-5500,617-539-0891,"PK,K,01,02,03,04,05,06,07,08,09,10,11,12"Woburn,,3470000,Public School District,Superintendent,Mark Donovan,55 Locust Street,,Woburn,MA,1801,781-937-8233,781-932-0668,"PK,K,01,02,03,04,05,06,07,08,09,10,11,12"Worcester,,3480000,Public School District,Superintendent,Melinda Boone,20 Irving Street,,Worcester,MA,1609,508-799-3115,508-799-3119,"PK,K,01,02,03,04,05,06,07,08,09,10,11,12"Worthington (non-op),,3490000,Public School District,Superintendent,David Hopson,12 Littleville Road,,Huntington,MA,1050,413-685-1011,413-667-8739,NAWrentham,,3500000,Public School District,Superintendent,Christopher Martes,120 Taunton Street,,Wrentham,MA,2093,508-384-5439,508-384-5444,"PK,K,01,02,03,04,05,06"Yarmouth (non-op),,3510000,Public School District,Superintendent,Carol Woodbury,296 Station Avenue,,South Yarmouth,MA,2664,508-398-7605,508-398-7622,NA